, ,"Alexandria, VA","Alpharetta, GA","Antioch, CA","Arlington Heights, IL","Aurora, CO","Baton Rouge, LA","Bellevue, WA","Billings, MT","Blue Springs, MO","Bowling Green, KY","Broken Arrow, OK","Buena Park, CA","Camden, NJ","Carson, CA","Cedar Hill, TX","Charleston, SC","Chicago, IL","City of Sammamish, WA","Collierville, TN","Compton, CA","Corona, NY","Cypress, CA","Dayton, OH","Delray Beach, FL","Downers Grove, IL","East Brunswick, NJ","East Norwalk, CT","Edmond, OK","Elmhurst, IL","Euless, TX","Fayetteville, NC","Florin, CA","Fort Smith, AR","Fresno, CA","Gastonia, NC","Goodyear, AZ","Green Bay, WI","Hamilton, OH","Haverhill, MA","Highland, CA","Huntersville, NC","Iowa City, IA","Jacksonville, FL","Joplin, MO","Kennewick, WA","Kissimmee, FL","Laguna Niguel, CA","Lakewood, NJ","Lawrence, KS","Lenexa, KS","Livermore, CA","Loveland, CO","Malden, MA","Marietta, GA","Melbourne, FL","Metairie Terrace, LA","Millcreek, UT","Mission Viejo, CA","Moreno Valley, CA","Nampa, ID","New Haven, CT","Noblesville, IN","North Miami, FL","Oak Lawn, IL","Omaha, NE","Ozone Park, NY","Paradise, NV","Paterson, NJ","Perth Amboy, NJ","Pittsburg, CA","Pomona, CA","Portland, ME","Racine, WI","Redmond, WA","Richmond, VA","Rock Hill, SC","Roswell, NM","Saint George, UT","San Antonio, TX","San Marcos, TX","Santa Clara, CA","Schaumburg, IL","Shreveport, LA","South Gate, CA","Sparks, NV","Springfield, OR","Stratford, CT","Tacoma, WA","Tempe Junction, AZ","Tigard, OR","Trenton, NJ","Tyler, TX","Vancouver, WA","Waldorf, MD","Waterloo, IA","West Coon Rapids, MN","West Orange, NJ","Wheaton, MD","Woodland, CA"
9,"Alexandria, VA",,700.83,3217.21,805.0,2767.25,1574.25,3283.43,2092.31,1161.47,716.63,1348.02,2847.91,152.14,2871.17,1435.31,551.64,768.95,3278.84,972.2,2864.17,264.16,2863.62,504.46,999.07,791.03,204.15,291.95,1710.21,794.33,1434.79,312.4,3239.77,1242.84,3086.66,489.29,2501.16,1103.35,543.53,515.32,2800.38,492.26,969.04,702.58,1166.55,3078.6,861.33,2872.94,203.25,1216.53,1192.43,3204.67,2818.68,498.35,722.58,878.47,1646.74,3284.43,2867.34,2794.42,2818.97,327.35,641.3,1039.88,763.04,1214.79,272.82,2774.16,250.89,226.5,3222.29,2828.3,594.13,838.47,3286.38,104.74,478.24,2010.28,2837.61,1688.45,1639.97,3208.74,801.45,1319.36,2862.54,3215.13,3335.41,311.74,3302.19,2479.58,3235.26,184.23,1403.18,3231.22,26.77,1060.39,1258.8,239.67,17.33,3267.1
19,"Alpharetta, GA",687.55,,2688.17,816.41,2238.21,577.39,3580.83,2791.32,909.48,336.81,982.59,2318.87,836.47,2342.13,906.27,297.38,780.36,3576.24,361.81,2335.13,948.49,2334.58,650.84,646.56,802.44,888.48,976.28,1181.17,805.74,905.75,390.23,2710.73,937.68,2557.61,211.4,1972.12,1114.76,631.17,1199.65,2271.33,241.36,980.45,350.06,861.39,3376.0,472.68,2343.9,887.58,1112.75,1088.65,2675.63,2289.64,1182.68,19.18,525.95,594.15,2755.39,2338.3,2265.38,3116.37,1011.68,611.89,687.36,774.45,1208.18,957.15,2245.12,935.22,910.83,2693.25,2299.26,1278.46,849.88,3583.78,587.99,225.55,1481.24,2308.57,1159.41,1110.93,2679.7,812.86,632.24,2333.49,2686.09,3632.81,996.07,3599.59,1950.54,3532.66,868.56,728.5,3528.62,678.65,1071.8,1270.21,924.0,701.65,2738.06
29,"Antioch, CA",3208.32,2718.85,,2802.86,1197.38,2344.56,798.55,1230.81,2327.58,2597.87,2079.56,386.41,3382.02,375.64,1803.34,2983.08,2789.87,807.54,2365.3,374.73,3491.14,388.39,2838.37,3161.81,2778.57,3424.07,3518.82,1978.04,2781.88,1783.71,3277.43,58.25,2197.94,155.51,3094.13,718.52,2994.03,2818.71,3742.2,432.58,3103.8,2790.81,2893.7,2182.27,838.06,2997.72,424.04,3432.66,2280.99,2300.22,32.68,1224.38,3725.22,2702.52,3048.49,2417.05,709.7,422.33,425.55,595.58,3554.23,2799.43,3202.61,2777.43,2134.03,3499.8,555.64,3458.7,3424.29,5.97,395.91,3821.0,2879.01,805.06,3184.02,2930.61,1537.48,676.61,1714.84,1744.4,67.04,2799.31,2089.67,368.93,193.24,513.22,3538.62,764.61,743.77,614.82,3399.52,1908.33,630.6,3232.01,2277.93,2059.75,3455.09,3214.29,61.85
39,"Arlington Heights, IL",822.66,831.4,2917.85,,1102.16,1274.89,2558.88,1367.77,502.63,498.49,698.82,2548.55,961.3,2571.81,1135.95,1034.76,47.62,2554.3,715.89,2564.81,969.09,2564.25,336.63,1458.68,30.54,943.86,971.83,1410.85,22.07,1135.43,1015.84,2940.41,943.48,2787.29,832.54,2201.8,193.23,337.85,1195.2,2501.01,842.21,244.5,1162.18,596.24,2354.05,1284.81,2573.58,976.68,557.69,533.6,2905.31,1040.23,1178.22,818.85,1338.07,1347.38,1418.09,2567.97,2495.06,2094.43,1007.23,223.82,1499.48,40.52,490.24,977.75,2474.8,939.78,944.07,2922.92,2528.94,1274.01,56.07,2561.84,922.43,869.91,1710.92,2538.24,1389.09,1340.6,2909.38,10.7,1020.0,2563.17,2915.77,2610.87,991.62,2577.64,2180.22,2510.72,946.72,1103.81,2506.67,843.61,335.85,534.25,937.35,803.74,2967.73
49,"Aurora, CO",2756.34,2266.86,1197.81,1105.12,,1892.57,1358.07,559.08,610.74,2145.88,696.42,1060.08,2930.03,1083.34,1351.35,2531.09,1092.13,1353.48,1913.31,1076.35,1983.27,1075.79,2386.38,2709.82,1080.84,2972.08,1986.01,881.96,1084.14,1331.72,2825.44,1146.72,1745.95,1188.94,2642.14,913.06,1296.3,2366.72,2209.38,1019.48,2651.81,794.02,2441.71,696.56,1153.24,2545.73,1085.12,2980.67,556.45,588.03,1224.15,57.4,2192.41,2250.53,2596.5,1965.06,532.64,1079.51,1033.85,893.62,2021.41,1157.91,2750.62,1085.03,540.34,1991.93,797.52,1953.96,2972.3,1202.89,1040.47,2288.19,1181.27,1361.03,2732.03,2478.62,502.45,673.47,1262.86,1292.41,1270.45,1101.57,1637.69,1074.71,1005.06,1410.06,2005.8,1376.83,888.64,1309.91,2947.53,1456.34,1305.86,2780.02,799.25,1376.1,3003.1,2762.31,1157.7
59,"Baton Rouge, LA",1544.26,580.72,2323.92,1138.79,1873.96,,3216.58,2427.07,804.66,933.81,618.34,1954.62,1717.95,1977.88,542.02,844.95,1125.8,3211.99,701.23,1970.89,1827.07,1970.33,1174.31,877.05,1114.51,1760.01,1854.76,816.92,1117.81,541.5,1613.36,2346.49,524.44,2193.37,778.33,1607.87,1329.97,1154.64,2078.13,1907.09,1439.73,1126.75,608.88,666.4,3011.75,712.96,1979.65,1768.6,832.21,837.37,2311.38,1925.39,2061.16,564.39,763.73,77.21,2391.15,1974.05,1901.13,2752.13,1890.16,1135.36,917.85,1113.37,994.02,1835.73,1880.87,1794.64,1760.23,2329.0,1935.01,2156.94,1214.94,3219.54,1519.96,792.47,1116.99,1944.32,795.16,746.68,2315.45,1135.24,263.97,1969.25,2321.84,3268.57,1874.55,3235.34,1586.29,3168.42,1735.46,357.48,3164.37,1567.94,1287.33,1485.42,1791.03,1550.23,2373.81
69,"Bellevue, WA",3249.93,3316.61,798.85,2431.77,1750.02,3636.71,,1192.98,2256.61,2983.7,2391.17,1370.51,3388.57,1393.77,3095.49,3682.4,2474.89,14.89,3657.45,1386.77,3396.36,1386.21,2763.9,4453.96,2457.81,3371.13,3399.1,2626.1,2449.34,3075.86,3663.48,768.96,3490.09,928.84,3480.19,1382.93,2320.33,2765.12,3622.47,1329.9,3489.86,2330.98,4185.85,2388.41,208.27,4289.87,1395.54,3403.95,2234.3,2245.19,821.39,1701.24,3605.49,3994.67,4340.64,3709.2,888.0,1389.93,1344.27,472.04,3434.5,2651.09,4494.76,2467.79,2096.21,3405.02,1107.94,3367.05,3371.34,800.03,1350.89,3701.27,2456.64,7.87,3570.08,3517.55,2246.59,1182.94,3006.99,3036.55,854.82,2437.97,3381.82,1385.13,849.92,287.48,3418.89,36.65,1409.54,186.7,3373.99,3200.48,168.9,3270.88,2240.11,2021.92,3364.62,3231.01,737.92
79,"Billings, MT",2058.24,2124.92,1229.43,1240.08,558.33,2445.02,1191.36,,1064.92,1792.01,1199.47,1328.71,2196.88,1351.97,1903.8,2490.71,1283.2,1186.77,2465.76,1344.97,2204.66,1344.41,1572.21,3262.27,1266.12,2179.43,2207.41,1434.41,1257.65,1884.16,2471.79,1178.34,2298.4,1338.22,2288.5,1465.51,1128.63,1573.43,2430.78,1288.1,2298.16,1139.29,2994.16,1196.72,986.53,3098.17,1353.74,2212.26,1042.61,1053.5,1255.77,509.55,2413.8,2802.98,3148.95,2517.51,647.15,1348.13,1302.48,726.91,2242.81,1459.4,3303.07,1276.1,904.52,2213.33,1066.14,2175.36,2179.65,1234.51,1309.1,2509.58,1264.95,1194.32,2378.39,2325.86,1054.9,942.09,1815.3,1844.86,1302.07,1246.28,2190.13,1343.33,1036.68,1243.34,2227.2,1210.12,1441.09,1143.2,2182.3,2008.79,1139.15,2079.19,1048.42,830.23,2172.93,2039.32,1189.32
89,"Blue Springs, MO",1332.0,1054.23,2325.73,505.85,610.79,903.48,2256.52,1065.4,,721.32,261.58,1956.44,1376.22,1979.69,570.91,1420.02,492.86,2251.93,472.03,1972.7,1384.0,1972.14,659.35,1681.51,481.57,1358.77,1386.74,349.58,484.87,570.39,1401.1,2348.3,285.92,2195.18,1217.8,1609.68,697.03,624.4,1610.11,1908.9,1227.47,302.62,1385.01,167.2,2051.69,1507.64,1981.47,1391.59,58.12,29.92,2313.2,662.98,1593.14,1041.68,1560.9,975.97,1139.09,1975.86,1902.94,1792.07,1422.14,558.64,1722.31,485.76,207.04,1392.66,1882.68,1354.69,1358.98,2330.81,1936.82,1688.92,582.0,2259.48,1307.69,1255.17,1118.81,1279.92,968.25,775.57,2317.27,502.3,648.6,1971.06,1611.51,2308.51,1406.53,2275.28,1588.1,2208.36,1361.63,528.35,2204.31,1355.68,318.19,470.93,1352.26,1138.56,2375.62
99,"Bowling Green, KY",688.04,338.54,2579.3,483.66,2129.34,936.34,3471.96,1770.97,576.73,,710.11,2210.01,861.74,2233.27,797.41,776.06,447.61,3467.38,334.29,2226.27,970.85,2225.71,318.09,965.82,469.69,903.79,998.54,1072.3,473.0,796.88,757.15,2601.87,604.93,2448.75,573.85,1863.25,782.02,298.42,1221.91,2162.47,583.52,647.7,669.32,528.64,3267.13,791.95,2235.04,912.38,780.0,755.91,2566.77,2180.78,1204.94,325.99,845.21,683.19,2646.53,2229.43,2156.51,3007.51,1033.94,279.14,1006.62,441.7,875.43,979.51,2136.25,938.42,904.01,2584.38,2190.39,1300.72,517.14,3474.92,663.74,611.21,1372.38,2199.7,1050.54,1002.06,2570.84,480.11,681.46,2224.63,2577.22,3523.95,1018.33,3490.72,1841.67,3423.8,879.24,765.27,3419.75,711.72,739.06,937.46,934.81,694.01,2629.19
109,"Broken Arrow, OK",1319.17,1037.59,2077.39,701.57,696.89,663.3,2157.81,1200.54,261.01,708.71,,1708.09,1492.86,1731.35,330.73,1301.82,688.58,2153.22,476.14,1724.35,1601.98,1723.8,949.21,1480.55,677.29,1534.91,1629.67,108.33,680.59,330.21,1388.27,2099.95,106.28,1946.83,1204.97,1361.34,892.75,929.55,1853.04,1660.55,1214.64,549.67,1212.44,109.27,1952.98,1316.46,1733.12,1543.5,221.59,240.05,2064.85,749.09,1836.06,1021.26,1367.23,735.79,1332.38,1727.52,1654.6,1693.36,1665.07,910.27,1521.35,681.48,391.74,1610.64,1634.34,1569.54,1535.13,2082.47,1688.48,1931.85,777.73,2160.77,1294.86,1242.34,870.46,1697.79,719.9,535.39,2068.92,698.02,408.42,1722.71,2075.31,2209.8,1649.46,2176.57,1339.76,2109.65,1510.36,288.17,2105.6,1342.85,565.24,717.98,1565.93,1325.14,2127.28
119,"Buena Park, CA",2836.65,2347.18,387.89,2431.19,1059.13,1972.89,1308.1,1329.51,1955.91,2226.2,1707.89,,3010.35,26.97,1431.67,2611.41,2418.2,1303.51,1993.63,19.97,3119.47,5.78,2466.7,2790.14,2406.9,3052.4,3147.15,1606.37,2410.21,1412.03,2905.76,410.45,1826.27,257.34,2722.46,346.85,2622.36,2447.04,3370.53,60.91,2732.13,2419.14,2522.03,1810.6,1103.27,2626.05,37.16,3060.99,1909.32,1928.55,375.35,1086.12,3353.55,2330.85,2676.82,2045.38,683.61,35.45,53.88,906.05,3182.56,2427.76,2830.94,2405.76,2047.2,3128.13,266.56,3087.03,3052.62,392.97,24.23,3449.33,2507.34,1311.06,2812.35,2558.94,1165.81,387.53,1343.17,1372.73,379.42,2427.64,1718.0,18.34,506.7,888.99,3166.95,1140.39,372.1,990.59,3027.85,1536.66,1006.37,2860.34,2579.72,2158.44,3083.42,2842.62,437.78
129,"Camden, NJ",151.78,845.75,3343.84,964.03,2893.88,1700.88,3442.46,2251.34,1386.46,843.25,1474.65,2974.54,,2997.8,1561.94,696.57,927.98,3437.87,1098.83,2990.8,118.68,2990.24,590.21,1144.0,950.06,58.67,146.47,1836.84,953.37,1561.42,457.32,3366.4,1369.47,3213.28,634.22,2627.79,1262.39,629.28,369.85,2927.0,637.18,1128.07,847.5,1293.17,3237.63,1006.25,2999.57,58.23,1441.52,1417.43,3331.3,2945.31,352.87,867.5,1023.39,1773.37,3411.06,2993.96,2921.05,2978.01,181.87,866.93,1184.8,922.07,1373.82,127.34,2900.79,105.42,81.02,3348.91,2954.93,448.65,997.51,3445.42,249.66,623.16,2136.91,2964.24,1815.08,1766.59,3335.37,960.48,1445.99,2989.16,3341.76,3494.45,166.27,3461.22,2606.21,3394.3,33.22,1529.8,3390.25,155.42,1219.43,1417.83,94.19,135.74,3393.72
139,"Carson, CA",2860.9,2371.43,374.41,2455.44,1083.38,1997.14,1294.62,1353.76,1980.16,2250.45,1732.14,27.32,3034.6,,1455.92,2635.66,2442.45,1290.03,2017.88,9.89,3143.71,29.31,2490.95,2814.39,2431.15,3076.65,3171.4,1630.62,2434.46,1436.28,2930.01,396.97,1850.52,243.86,2746.71,371.1,2646.61,2471.28,3394.78,85.16,2756.38,2443.39,2546.28,1834.85,1089.79,2650.29,54.65,3085.24,1933.57,1952.8,361.87,1110.37,3377.8,2355.1,2701.07,2069.63,707.86,52.94,78.13,847.31,3206.8,2452.0,2855.19,2430.01,2071.45,3152.38,290.81,3111.28,3076.87,379.49,48.48,3473.58,2531.59,1297.58,2836.6,2583.19,1190.06,411.78,1367.42,1396.98,365.94,2451.89,1742.25,13.78,493.22,875.51,3191.2,1126.91,396.35,977.11,3052.1,1560.91,992.9,2884.59,2603.97,2182.7,3107.67,2866.87,424.3
149,"Cedar Hill, TX",1405.91,916.44,1811.34,1000.44,1361.38,542.14,2704.0,1914.49,555.95,795.46,315.97,1442.04,1579.6,1465.3,,1180.66,987.45,2699.41,562.88,1458.31,1688.72,1457.75,1035.95,1359.39,976.15,1621.66,1716.41,304.41,979.46,25.19,1475.01,1833.91,395.53,1680.79,1291.72,1095.29,1191.62,1016.29,1939.78,1394.51,1301.38,988.39,1091.28,404.21,2499.17,1195.3,1467.07,1630.25,607.36,535.0,1798.8,1412.81,1922.81,900.1,1246.07,614.63,1878.57,1461.47,1388.55,2239.55,1751.81,997.01,1400.2,975.01,745.25,1697.38,1368.29,1656.29,1621.87,1816.42,1422.43,2018.59,1076.59,2706.96,1381.61,1128.19,604.41,1431.74,272.96,224.48,1802.87,996.89,287.26,1456.67,1809.26,2755.99,1736.2,2722.76,1073.71,2655.84,1597.1,105.91,2651.79,1429.59,1148.97,1347.06,1652.67,1411.88,1861.23
159,"Charleston, SC",507.6,305.9,2953.77,1042.54,2503.81,842.99,3846.43,3056.93,1222.31,646.93,1248.19,2584.48,656.53,2607.74,1171.88,,1006.49,3841.85,643.61,2600.74,768.55,2600.18,697.42,554.81,1028.57,708.54,796.34,1446.77,1031.87,1171.35,210.29,2976.34,1250.52,2823.22,213.76,2237.72,1340.89,681.51,1019.71,2536.94,216.3,1206.58,258.31,1174.22,3641.6,417.06,2609.51,707.64,1425.58,1401.49,2941.24,2555.25,1002.74,327.64,434.2,859.75,3021.0,2603.9,2530.98,3381.98,831.74,838.02,595.61,1000.58,1521.01,777.21,2510.72,755.28,730.88,2958.85,2564.86,1098.52,1076.01,3849.39,408.05,188.95,1746.85,2574.17,1425.01,1376.53,2945.31,1038.99,897.85,2599.1,2951.69,3898.42,816.13,3865.19,2216.14,3798.27,688.62,994.1,3794.22,498.71,1297.93,1496.34,744.06,521.71,3003.66
169,"Chicago, IL",778.54,787.28,2904.84,37.01,1089.15,1261.88,2551.94,1360.82,489.63,454.37,685.81,2535.54,917.18,2558.8,1122.94,990.63,,2547.35,702.88,2551.8,924.97,2551.24,292.51,1414.56,27.59,899.74,927.71,1397.84,19.66,1122.42,971.72,2927.4,930.47,2774.28,788.42,2188.79,204.82,293.73,1151.08,2488.0,798.09,237.55,1118.06,583.23,2347.11,1240.69,2560.57,932.56,544.68,520.59,2892.3,1033.29,1134.1,774.73,1293.95,1334.37,1411.14,2554.96,2482.05,2087.48,963.11,179.7,1455.36,13.99,483.3,933.63,2461.79,895.66,899.95,2909.92,2515.93,1229.88,70.7,2554.89,878.31,825.79,1697.91,2525.24,1376.08,1327.6,2896.37,33.46,1006.99,2550.16,2902.76,2603.92,947.5,2570.7,2167.21,2503.77,902.6,1090.8,2499.73,799.49,328.9,527.31,893.23,759.62,2954.72
179,"City of Sammamish, WA",3244.49,3311.17,807.46,2426.33,1744.58,3631.26,15.28,1187.54,2251.17,2978.26,2385.72,1365.06,3383.13,1388.32,3090.05,3676.96,2469.45,,3652.0,1381.32,3390.91,1380.77,2758.46,4448.51,2452.36,3365.68,3393.65,2620.66,2443.9,3070.41,3658.04,777.57,3484.65,937.45,3474.74,1377.49,2314.88,2759.68,3617.02,1324.45,3484.41,2325.53,4180.4,2382.97,202.82,4284.42,1390.09,3398.51,2228.86,2239.75,830.0,1695.8,3600.05,3989.22,4335.19,3703.75,882.56,1384.49,1338.83,466.6,3429.05,2645.65,4489.32,2462.34,2090.76,3399.57,1102.49,3361.61,3365.9,808.64,1345.45,3695.83,2451.2,7.66,3564.63,3512.11,2241.14,1177.5,3001.55,3031.1,863.43,2432.53,3376.38,1379.68,844.48,296.1,3413.44,45.26,1404.1,195.31,3368.55,3195.03,177.51,3265.43,2234.67,2016.48,3359.17,3225.57,746.54
189,"Collierville, TN",942.1,363.51,2345.87,718.62,1895.91,702.91,3238.53,2449.03,471.42,331.65,476.68,1976.58,1115.79,1999.84,563.98,645.45,701.67,3233.95,,1992.84,1224.91,1992.28,572.15,933.9,694.33,1157.85,1252.6,838.87,697.64,563.45,1011.2,2368.44,371.5,2215.32,827.91,1629.82,909.8,552.48,1475.97,1929.04,837.58,775.8,665.79,382.21,3033.7,769.81,2001.61,1166.44,507.15,476.4,2333.34,1947.35,1459.0,344.8,820.58,441.39,2413.1,1996.0,1923.08,2774.08,1288.0,533.2,974.71,695.76,662.3,1233.57,1902.82,1192.48,1158.07,2350.95,1956.96,1554.78,794.77,3241.49,917.8,865.27,1138.95,1966.27,817.11,768.63,2337.41,715.07,448.03,1991.2,2343.79,3290.52,1272.39,3257.29,1608.25,3190.37,1133.3,531.84,3186.32,965.78,867.15,1065.24,1188.87,948.07,2395.76
199,"Compton, CA",2851.86,2362.39,372.98,2446.39,1074.34,1988.1,1293.19,1344.71,1971.12,2241.41,1723.1,18.28,3025.55,9.53,1446.88,2626.62,2433.4,1288.6,2008.83,,3134.67,20.26,2481.91,2805.35,2422.11,3067.61,3162.36,1621.58,2425.41,1427.24,2920.96,395.54,1841.48,242.42,2737.67,362.06,2637.57,2462.24,3385.73,76.11,2747.34,2434.35,2537.23,1825.81,1088.36,2641.25,55.91,3076.2,1924.52,1943.76,360.44,1101.33,3368.76,2346.06,2692.02,2060.58,698.82,54.2,69.09,845.87,3197.76,2442.96,2846.15,2420.97,2062.41,3143.33,281.77,3102.24,3067.83,378.05,39.44,3464.54,2522.54,1296.14,2827.56,2574.14,1181.01,402.74,1358.38,1387.93,364.51,2442.84,1733.21,5.45,491.78,874.08,3182.15,1125.47,387.31,975.68,3043.06,1551.86,991.46,2875.54,2594.93,2173.65,3098.63,2857.83,422.86
209,"Corona, NY",258.62,952.6,3465.17,958.24,3015.21,1822.21,3436.67,2245.55,1380.66,964.59,1595.98,3095.87,112.73,3119.13,1683.28,803.41,922.18,3432.08,1220.16,3112.14,,3111.58,764.81,1250.84,944.26,58.57,58.85,1958.17,947.57,1682.75,564.16,3487.74,1490.8,3334.62,741.06,2749.12,1256.59,803.88,282.22,3048.34,744.02,1122.28,954.34,1414.51,3231.84,1113.1,3120.91,83.33,1435.72,1411.63,3452.63,1918.01,265.25,974.34,1130.23,1894.7,3532.4,3115.3,3042.38,2972.21,94.25,861.13,1291.64,916.27,1368.02,10.97,3022.12,28.51,51.46,3470.25,3076.26,361.03,991.71,3439.62,356.5,730.0,2258.24,3085.57,1936.41,1887.93,3456.71,954.69,1567.33,3110.5,3463.09,3488.65,78.64,3455.43,2727.54,3388.5,93.33,1651.14,3384.46,262.27,1213.63,1412.04,44.43,242.59,3515.06
219,"Cypress, CA",2852.23,2362.76,388.77,2446.76,1074.71,1988.47,1308.98,1345.08,1971.49,2241.78,1723.47,5.75,3025.92,27.85,1447.25,2626.99,2433.77,1304.39,2009.2,20.86,3135.04,,2482.28,2805.72,2422.48,3067.98,3162.73,1621.95,2425.78,1427.61,2921.33,411.34,1841.85,258.22,2738.04,362.42,2637.94,2462.61,3386.1,76.48,2747.71,2434.72,2537.6,1826.18,1104.15,2641.62,36.14,3076.57,1924.89,1944.13,376.24,1101.7,3369.13,2346.43,2692.39,2060.95,699.19,34.44,69.46,861.67,3198.13,2443.33,2846.52,2421.34,2062.78,3143.7,282.14,3102.61,3068.2,393.85,39.81,3464.91,2522.91,1311.94,2827.93,2574.51,1181.38,403.11,1358.75,1388.3,380.31,2443.21,1733.58,19.22,507.58,889.87,3182.52,1141.27,387.68,991.47,3043.43,1552.23,1007.26,2875.91,2595.3,2174.02,3099.0,2858.2,438.66
229,"Dayton, OH",505.02,646.81,2814.48,336.08,2364.52,1171.52,2814.51,1623.39,661.08,313.9,945.29,2445.19,607.4,2468.45,1032.59,683.94,300.03,2809.92,569.47,2461.45,802.81,2460.89,,1171.54,322.11,777.58,805.55,1307.48,325.42,1032.06,612.68,2837.05,840.11,2683.93,508.9,2098.43,634.44,35.57,1028.92,2397.65,447.68,500.12,875.05,763.82,2609.68,1100.22,2470.22,810.41,716.14,692.05,2801.95,2415.96,1011.95,634.26,1050.94,1244.01,2881.71,2464.61,2391.69,2350.06,840.95,113.09,1212.35,294.12,745.87,811.47,2371.43,773.51,777.8,2819.56,2425.57,1107.73,369.56,2817.47,503.58,508.05,1607.56,2434.88,1285.72,1237.24,2806.02,332.53,916.64,2459.81,2812.4,2866.5,825.34,2833.27,2076.85,2766.35,624.9,1000.45,2762.3,525.96,591.48,789.88,771.07,486.1,2864.37
239,"Delray Beach, FL",1000.55,649.94,3131.94,1446.83,2681.98,1021.16,4024.6,3235.09,1539.89,967.22,1426.36,2762.64,1149.48,2785.9,1350.05,557.76,1410.77,4020.01,937.66,2778.91,1261.49,2778.35,1281.25,,1432.85,1201.48,1289.29,1624.94,1436.16,1349.52,703.24,3154.51,1332.46,3001.39,677.47,2415.89,1745.18,1261.59,1512.66,2715.11,690.55,1610.87,300.44,1474.42,3819.77,171.72,2787.68,1200.59,1640.23,1645.4,3119.4,2733.41,1495.69,645.13,128.6,822.89,3199.17,2782.07,2709.15,3560.15,1324.69,1242.31,43.18,1404.86,1838.59,1270.16,2688.89,1248.23,1223.83,3137.02,2743.03,1591.47,1480.3,4027.56,900.99,652.66,1925.01,2752.34,1603.18,1554.7,3123.48,1443.28,1076.02,2777.27,3129.86,4076.59,1309.08,4043.36,2394.31,3976.44,1181.57,1172.27,3972.39,991.66,1702.22,1900.63,1237.0,1014.66,3181.83
249,"Downers Grove, IL",803.77,812.5,2893.77,31.06,1078.08,1250.81,2534.8,1343.69,478.56,479.59,674.74,2524.47,942.41,2547.73,1111.87,1015.86,28.73,2530.22,691.81,2540.73,950.19,2540.18,317.73,1439.78,,924.96,952.93,1386.77,11.99,1111.35,996.94,2916.33,919.4,2763.21,813.65,2177.72,219.75,318.96,1176.3,2476.94,823.32,220.42,1143.29,572.16,2329.98,1265.91,2549.5,957.79,533.62,509.52,2881.23,1016.15,1159.33,799.95,1319.18,1323.3,1394.01,2543.9,2470.98,2070.35,988.33,204.93,1480.59,21.62,466.16,958.85,2450.72,920.89,925.18,2898.85,2504.86,1255.11,84.59,2537.76,903.54,851.01,1686.84,2514.17,1365.01,1316.53,2885.3,27.51,995.93,2539.09,2891.69,2586.79,972.72,2553.57,2156.14,2486.64,927.83,1079.74,2482.6,824.71,311.77,510.18,918.45,784.85,2943.66
259,"East Brunswick, NJ",204.16,898.13,3403.88,939.2,2953.92,1760.92,3417.62,2226.51,1361.62,903.3,1534.69,3034.58,58.26,3057.84,1621.98,748.94,903.14,3413.04,1158.87,3050.84,77.38,3050.29,745.76,1196.38,925.22,,105.17,1896.88,928.53,1621.46,509.7,3426.44,1429.51,3273.32,686.6,2687.83,1237.55,784.84,328.54,2987.05,689.56,1103.24,899.88,1353.22,3212.79,1058.63,3059.61,31.31,1416.68,1392.59,3391.34,1898.97,311.57,919.88,1075.77,1833.41,3471.1,3054.01,2981.09,2953.17,140.57,842.09,1237.18,897.23,1348.98,86.04,2960.83,64.11,26.01,3408.96,3014.97,407.35,972.67,3420.58,302.04,675.54,2196.95,3024.28,1875.12,1826.64,3395.41,935.65,1506.03,3049.2,3401.8,3469.61,124.96,3436.39,2666.25,3369.46,28.8,1589.85,3365.42,207.8,1194.59,1393.0,52.89,188.12,3453.77
269,"East Norwalk, CT",300.31,994.28,3506.86,973.65,1995.6,1863.9,3452.08,2260.96,1396.07,1006.27,1637.66,3137.56,154.42,3160.82,1724.96,845.09,937.6,3447.49,1261.84,3153.82,64.99,3153.26,780.22,1292.53,959.67,100.25,,1999.86,962.98,1724.44,605.85,3529.42,1532.48,3376.3,782.74,2790.8,1272.0,819.29,222.45,3090.02,785.71,1137.69,996.03,1456.19,3247.25,1154.78,3162.59,125.01,1451.13,1427.04,3494.32,1933.42,205.47,1016.03,1171.92,1936.38,2311.28,3156.98,3084.06,2987.62,34.48,876.54,1333.33,931.69,1383.43,81.97,3063.8,70.19,93.15,3511.93,3117.95,301.26,1007.12,3455.03,398.19,771.69,2299.93,3127.25,1978.09,1929.61,3498.39,970.1,1609.01,3152.18,3504.77,3504.06,18.87,3470.84,2769.23,3403.91,135.02,1692.82,3399.87,303.95,1229.04,1427.45,86.11,284.27,3556.74
279,"Edmond, OK",1680.93,1191.46,1975.55,803.77,713.35,817.17,2055.97,1266.46,349.37,1070.48,108.76,1606.25,1854.63,1629.51,305.98,1455.69,790.78,2051.38,837.9,1622.51,1963.74,1621.95,1310.98,1634.42,779.49,1896.68,1991.43,,782.79,275.7,1750.04,1998.11,200.35,1844.99,1566.74,1259.49,994.95,1291.31,2214.81,1558.71,1576.41,632.82,1366.31,211.46,1851.14,1470.32,1631.28,1905.27,302.78,322.01,1963.01,764.78,2197.83,1175.13,1521.1,889.66,1230.53,1625.67,1552.75,1591.51,2026.83,1272.03,1675.22,783.68,440.66,1972.41,1532.49,1931.31,1896.9,1980.62,1586.64,2293.61,879.92,2058.92,1656.63,1403.22,768.62,1595.94,618.06,507.46,1967.08,800.22,562.28,1620.87,1973.46,2107.95,2011.22,2074.73,1237.92,2007.8,1872.13,410.97,2003.76,1704.61,648.38,801.65,1927.7,1686.9,2025.43
289,"Elmhurst, IL",804.75,813.48,2899.93,19.39,1084.24,1256.97,2540.96,1349.85,484.72,480.57,680.9,2530.63,943.39,2553.89,1118.03,1016.84,29.71,2536.38,697.97,2546.89,951.17,2546.34,318.71,1440.76,12.62,925.94,953.91,1392.93,,1117.51,997.92,2922.49,925.56,2769.37,814.63,2183.88,208.08,319.94,1177.28,2483.1,824.29,226.58,1144.26,578.32,2336.13,1266.89,2555.66,958.76,539.77,515.68,2887.39,1022.31,1160.31,800.93,1320.15,1329.46,1400.17,2550.06,2477.14,2076.51,989.31,205.9,1481.56,22.6,472.32,959.83,2456.88,921.86,926.16,2905.01,2511.02,1256.09,72.93,2543.92,904.51,851.99,1693.0,2520.33,1371.17,1322.69,2891.46,15.84,1002.08,2545.25,2897.85,2592.95,973.7,2559.73,2162.3,2492.8,928.8,1085.89,2488.76,825.69,317.93,516.34,919.43,785.82,2949.82
299,"Euless, TX",1405.28,915.81,1783.08,999.82,1333.12,541.52,2675.74,1886.23,555.33,794.83,315.34,1413.78,1578.98,1437.04,24.71,1180.04,986.83,2671.15,562.26,1430.04,1688.1,1429.49,1035.33,1358.77,975.53,1621.03,1715.78,276.08,978.84,,1474.39,1805.65,394.9,1652.53,1291.09,1067.03,1190.99,1015.66,1939.16,1366.25,1300.76,987.77,1090.66,403.59,2470.91,1194.67,1438.81,1629.62,579.03,534.38,1770.54,1384.55,1922.18,899.48,1245.45,614.01,1850.31,1433.21,1360.29,2211.29,1751.18,996.39,1399.57,974.39,716.92,1696.76,1340.03,1655.66,1621.25,1788.16,1394.17,2017.96,1075.97,2678.7,1380.98,1127.57,576.15,1403.48,425.59,238.99,1774.61,996.27,286.63,1428.41,1781.0,2727.72,1735.58,2694.5,1045.45,2627.58,1596.48,142.5,2623.53,1428.97,1148.35,1346.44,1652.05,1411.25,1832.97
309,"Fayetteville, NC",310.4,400.62,3268.76,1037.11,2818.8,966.03,4161.42,2324.43,1266.18,768.17,1399.57,2899.46,459.32,2922.72,1486.86,209.42,1001.06,4156.83,1023.75,2915.72,571.34,2915.16,624.38,698.87,1023.14,511.33,599.13,1761.76,1026.45,1486.34,,3291.32,1294.39,3138.2,189.09,2552.7,1335.47,643.84,822.5,2851.92,192.05,1201.16,402.37,1218.09,3956.59,561.12,2924.49,510.43,1469.68,1445.59,3256.22,2870.23,805.53,422.37,578.26,982.78,3335.98,2918.88,2845.97,3696.96,634.53,832.6,739.67,995.15,1446.9,580.0,2825.71,558.07,533.68,3273.83,2879.85,901.31,1070.59,4164.37,210.84,178.03,2061.83,2889.15,1740.0,1691.51,3260.29,1033.56,1370.91,2914.08,3266.68,4213.4,618.92,4180.18,2531.13,4113.25,491.41,1454.72,4109.21,301.5,1292.51,1490.91,546.85,324.51,3318.64
319,"Florin, CA",3229.79,2740.32,58.24,2824.32,1145.9,2366.02,772.4,1179.33,2349.05,2619.34,2101.02,407.87,3403.48,397.11,1824.81,3004.54,2811.33,781.39,2386.76,396.19,3512.6,409.86,2859.84,3183.27,2800.03,3445.54,3540.29,1999.5,2803.34,1805.17,3298.89,,2219.41,162.35,3115.6,739.98,2306.67,2840.17,3763.66,454.04,3125.26,2317.32,2915.16,2203.73,786.58,3019.18,445.5,3454.13,2302.45,2321.69,84.58,1172.9,3746.69,2723.98,3069.95,2438.51,658.22,443.8,447.02,544.1,3575.69,2820.89,3224.08,2798.89,2082.55,3521.26,577.1,3480.17,3445.76,63.32,417.37,3842.47,2900.47,778.91,3205.49,2952.07,1558.94,672.8,1736.31,1765.86,124.39,2820.77,2111.14,390.39,141.76,487.07,3560.08,738.46,765.23,588.66,3420.98,1929.79,604.45,3253.47,2226.45,2008.27,3476.55,3235.76,35.85
329,"Fort Smith, AR",1212.89,935.35,2167.98,807.42,1718.02,525.08,3060.64,2271.13,283.89,602.44,105.18,1798.68,1386.58,1821.94,386.09,1300.91,794.43,3056.05,369.86,1814.95,1495.7,1814.39,842.94,1342.33,783.13,1428.64,1523.39,199.31,786.44,385.56,1281.99,2190.55,,2037.43,1098.7,1451.93,998.6,823.27,1746.76,1751.15,1108.36,558.15,1074.22,145.63,2855.81,1178.24,1823.71,1437.23,308.43,282.53,2155.44,1769.45,1729.79,713.86,1229.01,597.57,2235.21,1818.11,1745.19,2596.19,1558.79,803.99,1383.14,781.99,476.15,1504.36,1724.93,1463.27,1428.86,2173.06,1779.07,1825.57,883.57,3063.6,1188.59,1136.06,961.05,1788.38,639.22,590.74,2159.51,803.87,270.2,1813.31,2165.9,3112.63,1543.18,3079.4,1430.35,3012.48,1404.08,354.01,3008.43,1236.57,600.42,753.16,1459.65,1218.86,2217.87
339,"Fresno, CA",3076.21,2586.74,154.34,2670.74,1196.99,2212.44,932.58,1339.5,2195.47,2465.76,1947.45,254.29,3249.9,243.53,1671.23,2850.96,2657.75,941.56,2233.18,242.62,3359.02,256.28,2706.26,3029.69,2646.45,3291.96,3386.71,1845.92,2649.76,1651.59,3145.31,161.85,2065.83,,2962.02,586.4,2861.92,2686.59,3610.08,300.46,2971.68,2658.69,2761.58,2050.15,946.76,2865.6,291.92,3300.55,2148.87,2168.11,151.27,1223.98,3593.11,2570.4,2916.37,2284.93,821.47,290.22,293.44,704.27,3422.11,2667.31,3070.5,2645.32,2286.76,3367.68,404.42,3326.59,3292.18,159.41,263.79,3688.89,2746.89,939.08,3051.91,2798.49,1405.36,525.39,1582.73,1612.28,154.48,2667.19,1957.56,236.81,301.93,647.24,3406.5,898.64,611.65,748.84,3267.41,1776.21,764.62,3099.89,2819.27,2168.44,3322.98,3082.18,196.03
349,"Gastonia, NC",487.87,210.77,2886.96,841.21,2436.99,776.18,3779.61,2128.52,1020.98,445.6,1154.37,2517.66,636.79,2540.92,1105.06,211.8,805.16,3775.03,778.55,2533.92,748.81,2533.36,496.29,672.97,827.24,688.8,776.6,1379.96,830.55,1104.53,190.55,2909.52,1049.19,2756.4,,2170.9,1139.57,480.18,999.97,2470.12,29.96,1005.25,376.48,972.89,3574.78,535.23,2542.69,687.9,1224.25,1200.16,2874.42,2488.43,983.0,232.52,552.37,792.93,2954.18,2537.08,2464.16,3315.16,812.0,636.69,713.78,799.25,1319.68,757.47,2443.9,735.54,711.15,2892.03,2498.04,1078.78,874.69,3782.57,388.31,35.64,1680.03,2507.35,1358.19,1309.71,2878.49,837.66,831.03,2532.28,2884.87,3831.6,796.39,3798.38,2149.33,3731.45,668.88,927.29,3727.41,478.97,1096.61,1295.01,724.32,501.97,2936.84
359,"Goodyear, AZ",2489.87,2000.39,716.19,2084.4,1069.88,1626.1,1383.04,1309.81,1609.13,1879.41,1361.1,346.89,2663.56,370.15,1084.88,2264.62,2071.41,1378.46,1646.84,363.15,2772.68,362.59,2119.91,2443.35,2060.11,2705.61,2800.37,1259.58,2063.42,1065.25,2558.97,738.75,1479.48,585.63,2375.67,,2275.57,2100.25,3023.74,299.35,2385.34,2072.35,2175.24,1463.81,1178.21,2279.26,371.92,2714.2,1562.53,1581.76,703.65,1121.32,3006.76,1984.06,2330.03,1698.59,663.91,366.31,293.39,918.59,2835.77,2080.97,2484.15,2058.97,1700.42,2781.34,283.82,2740.24,2705.83,721.26,327.28,3102.54,2160.55,1386.0,2465.56,2212.15,819.02,400.07,996.38,1025.94,707.72,2080.85,1371.22,361.51,724.79,1217.29,2820.16,1401.81,26.81,1334.88,2681.06,1189.87,1330.84,2513.55,2232.93,2431.02,2736.63,2495.83,766.07
369,"Green Bay, WI",982.45,1154.41,3103.89,191.46,1288.2,1460.93,2331.4,1140.29,688.67,821.49,884.86,2734.59,1121.09,2757.85,1321.99,1520.19,205.08,2326.82,901.92,2750.85,1128.87,2750.29,496.42,1781.69,217.5,1103.64,1131.61,1596.89,209.04,1321.47,1501.28,3126.45,1129.51,2973.33,1317.98,2387.83,,497.64,1354.99,2687.05,1327.65,409.84,1485.19,782.28,2126.57,1607.81,2759.62,1136.47,743.73,719.64,3091.35,1205.57,1338.01,1141.85,1661.08,1533.41,1787.19,2754.01,2681.09,1866.95,1167.01,383.61,1822.49,227.48,655.58,1137.54,2660.83,1099.57,1103.86,3108.96,2714.98,1433.79,140.67,2334.36,1407.87,1355.34,1896.96,2724.28,1575.12,1526.64,3095.42,197.66,1206.04,2749.21,2176.72,2383.39,1151.4,2350.16,2366.26,2283.24,1106.51,1289.85,2279.2,1003.4,380.26,306.78,1097.14,963.53,3153.77
379,"Hamilton, OH",540.5,627.1,2794.77,336.94,2344.81,1151.81,2815.37,1624.26,626.09,294.18,925.58,2425.47,642.88,2448.73,1012.87,691.96,300.89,2810.79,549.76,2441.73,838.29,2441.17,35.54,1152.41,322.97,813.06,841.03,1287.77,326.28,1012.35,673.05,2817.33,820.4,2664.21,489.75,2078.72,635.3,,1064.4,2377.93,499.42,500.99,855.92,744.1,2610.54,1080.5,2450.5,845.89,681.15,657.06,2782.23,2396.24,1047.43,614.54,1031.81,1224.3,2861.99,2444.89,2371.98,2350.92,876.43,127.35,1193.22,294.98,746.73,846.96,2351.72,808.99,813.28,2799.84,2405.86,1143.21,370.42,2818.33,523.36,527.11,1587.84,2415.17,1266.01,1217.52,2786.3,333.4,896.92,2440.09,2792.69,2867.36,860.82,2834.14,2057.14,2767.21,660.39,980.73,2763.17,561.44,592.34,790.74,806.56,521.58,2844.65
389,"Haverhill, MA",523.07,1217.05,3729.62,1196.42,2218.37,2086.66,3674.84,2483.73,1618.84,1229.04,1860.43,3360.33,377.18,3383.59,1947.73,1067.86,1160.36,3670.26,1484.61,3376.59,287.76,3376.03,1002.99,1515.29,1182.44,323.02,226.26,2222.62,1185.75,1947.2,828.62,3752.19,1755.25,3599.07,1005.51,3013.57,1494.77,1042.06,,3312.79,1008.48,1360.46,1218.8,1678.96,3470.01,1377.55,3385.36,347.78,1673.9,1649.81,3717.09,2156.19,30.79,1238.79,1394.69,2159.15,2534.05,3379.75,3306.83,3210.39,195.6,1099.31,1556.1,1154.45,1606.2,304.74,3286.57,292.96,315.92,3734.7,3340.71,79.37,1229.89,3677.8,620.95,994.46,2522.7,3350.02,2200.86,2152.38,3721.16,1192.87,1831.78,3374.95,3727.54,3726.83,207.31,3693.61,2992.0,3626.68,357.78,1915.59,3622.64,526.72,1451.81,1650.22,308.88,507.04,3779.51
399,"Highland, CA",2809.6,2320.12,431.78,2404.13,1018.47,1945.83,1329.84,1288.84,1928.86,2199.14,1680.83,62.48,2983.29,85.74,1404.61,2584.35,2391.14,1325.26,1966.57,78.74,3092.41,78.19,2439.64,2763.08,2379.84,3025.35,3120.1,1579.31,2383.15,1384.98,2878.7,454.34,1799.22,301.23,2695.4,319.79,2595.31,2419.98,3343.47,,2705.07,2392.08,2494.97,1783.54,1125.01,2598.99,87.51,3033.93,1882.26,1901.5,419.24,1045.46,3326.49,2303.79,2649.76,2018.32,642.94,81.91,26.83,865.39,3155.5,2400.7,2803.88,2378.7,2020.15,3101.07,225.9,3059.98,3025.56,436.86,42.87,3422.28,2480.28,1332.8,2785.29,2531.88,1138.75,346.86,1316.12,1345.67,423.31,2400.58,1690.95,77.11,456.8,932.88,3139.89,1348.61,345.04,1034.48,3000.79,1509.6,1050.26,2833.28,2552.66,2117.78,3056.36,2815.57,481.67
409,"Huntersville, NC",481.35,240.16,3032.61,850.26,2582.65,805.56,3925.27,2137.57,1030.03,454.65,1163.42,2663.31,630.28,2686.57,1250.71,225.65,814.21,3920.68,787.6,2679.57,742.3,2679.01,458.3,686.83,836.29,682.29,770.09,1525.61,839.59,1250.19,184.04,3055.17,1058.24,2902.05,29.39,2316.55,1148.61,489.23,993.46,2615.77,,1014.3,390.33,981.94,3720.44,549.08,2688.34,681.39,1233.3,1209.21,3020.07,2634.08,976.49,261.91,566.22,822.32,3099.83,2682.73,2609.82,3460.81,805.49,645.74,727.63,808.3,1328.73,750.96,2589.56,729.03,704.63,3037.68,2643.7,1072.27,883.73,3928.22,381.8,43.12,1825.68,2653.0,1503.85,1455.36,3024.14,846.71,1134.76,2677.93,3030.53,3977.25,789.88,3944.03,2294.98,3877.1,662.37,1218.57,3873.06,472.46,1105.66,1304.06,717.81,495.46,3082.49
419,"Iowa City, IA",1302.69,1024.92,2974.4,254.06,793.63,1331.44,2349.21,1158.1,303.27,692.01,550.23,2605.1,1243.1,2628.36,1192.5,1390.7,329.42,2344.63,772.44,2621.36,1250.88,2620.8,630.04,1652.2,198.34,1225.65,1253.62,633.16,243.03,1191.98,1371.79,2996.96,1000.03,2843.84,1188.49,2258.35,419.92,595.09,1476.99,2557.56,1198.16,,1355.7,455.86,2144.38,1478.32,2630.13,1258.47,336.17,312.08,2961.86,807.06,1460.02,1012.36,1531.59,1403.93,1184.91,2624.52,2551.61,1884.76,1289.02,394.43,1693.0,322.31,257.07,1259.54,2531.35,1221.57,1225.87,2979.47,2585.49,1555.8,304.89,2352.17,1278.38,1225.86,1767.47,1447.82,1445.64,1397.15,2965.93,258.75,1076.55,2619.72,1779.41,2401.2,1273.41,2367.97,2236.77,2301.05,1228.52,1160.36,2297.0,1326.37,81.86,321.1,1219.14,974.35,3024.28
429,"Jacksonville, FL",701.29,350.68,2861.05,1147.57,2411.08,750.27,3753.7,2964.2,1240.63,667.96,1155.46,2491.75,850.22,2515.01,1079.15,258.51,1111.52,3749.12,666.1,2508.01,962.23,2507.45,981.99,296.88,1133.59,902.22,990.03,1354.05,1136.9,1078.62,403.98,2883.61,1061.56,2730.49,378.21,2144.99,1445.92,962.33,1213.4,2444.21,391.29,1311.61,,1203.52,3548.87,159.13,2516.78,901.33,1443.9,1419.81,2848.51,2462.52,1196.43,345.87,176.27,551.94,2928.27,2511.17,2438.25,3289.25,1025.43,943.05,337.68,1105.61,1539.33,970.9,2417.99,948.97,924.57,2866.12,2472.13,1292.21,1181.04,3756.66,601.74,353.4,1654.12,2481.44,1332.28,1283.8,2852.58,1144.02,805.12,2506.37,2858.96,3805.69,1009.82,3772.47,2123.42,3705.54,882.31,901.38,3701.5,692.4,1402.96,1601.37,937.74,715.4,2910.93
439,"Joplin, MO",1137.87,860.33,2179.96,599.05,696.48,750.92,2050.22,1200.13,145.62,527.42,109.01,1810.67,1311.56,1833.93,418.35,1225.89,586.06,2045.63,495.11,1826.93,1420.68,1826.37,767.91,1568.17,574.77,1353.62,1448.37,210.9,578.07,417.82,1206.97,2202.53,145.0,2049.41,1023.68,1463.91,790.23,748.25,1671.74,1763.13,1033.34,454.87,1300.05,,1845.39,1404.07,1835.7,1362.21,171.15,145.25,2167.43,748.68,1654.77,847.77,1454.85,823.41,1224.78,1830.09,1757.17,1585.76,1483.77,651.84,1608.97,578.96,338.87,1429.34,1736.91,1388.25,1353.83,2185.04,1791.05,1750.55,675.2,2053.17,1113.56,1061.04,973.04,1800.36,822.48,623.0,2171.5,595.5,496.03,1825.29,2177.88,2102.2,1468.16,2068.98,1442.33,2002.05,1329.06,375.79,1998.01,1161.55,470.44,623.18,1384.63,1143.84,2229.85
449,"Kennewick, WA",3045.84,3112.52,838.59,2227.68,1545.93,3432.62,208.88,988.89,2052.52,2779.61,2187.07,1166.42,3184.48,1189.67,2891.4,3478.31,2270.8,204.3,3453.35,1182.68,3192.26,1182.12,2559.81,4249.87,2253.72,3167.03,3195.01,2422.01,2245.25,2871.76,3459.39,787.49,3286.0,947.37,3276.1,1178.84,2116.23,2561.03,3418.38,1125.81,3285.76,2126.88,3981.76,2184.32,,4085.77,1191.45,3199.86,2030.21,2041.1,864.93,1497.15,3401.4,3790.58,4136.55,3505.11,683.91,1185.84,1140.18,267.95,3230.41,2447.0,4290.67,2263.7,1892.12,3200.93,903.85,3162.96,3167.25,843.66,1146.8,3497.18,2252.55,211.84,3365.99,3313.46,2042.5,978.85,2802.9,2832.46,911.22,2233.88,3177.73,1181.04,645.83,316.83,3214.8,227.65,1205.45,216.68,3169.9,2996.39,212.64,3066.79,2036.02,1817.83,3160.53,3026.92,798.48
459,"Kissimmee, FL",858.72,473.0,2965.12,1269.89,2515.16,854.34,3857.78,3068.27,1362.95,790.28,1259.54,2595.82,1007.65,2619.08,1183.22,415.93,1233.84,3853.19,770.84,2612.08,1119.66,2611.53,1104.31,169.4,1255.91,1059.65,1147.45,1458.12,1259.22,1182.7,561.41,2987.68,1165.64,2834.56,535.64,2249.07,1568.24,1084.65,1370.83,2548.29,548.72,1433.93,158.6,1307.6,3652.95,,2620.85,1058.75,1473.41,1478.57,2952.58,2566.59,1353.85,468.19,55.31,656.06,3032.34,2615.25,2542.33,3393.32,1182.86,1065.37,210.2,1227.93,1661.65,1128.32,2522.07,1106.4,1082.0,2970.2,2576.21,1449.63,1303.36,3860.73,759.16,510.83,1758.19,2585.52,1436.36,1387.88,2956.65,1266.34,909.19,2610.44,2963.04,3909.76,1167.25,3876.54,2227.49,3809.62,1039.74,1005.45,3805.57,849.83,1525.28,1723.69,1095.17,872.83,3015.01
469,"Laguna Niguel, CA",2867.12,2377.65,418.77,2461.66,1089.6,2003.36,1400.98,1359.98,1986.38,2256.67,1738.36,32.63,3040.82,57.86,1462.14,2641.88,2448.67,1396.39,2024.1,50.86,3149.94,37.17,2497.17,2820.61,2437.37,3082.87,3177.62,1636.84,2440.68,1442.5,2936.23,441.34,1856.74,288.22,2752.93,377.32,2652.83,2477.5,3401.0,91.38,2762.6,2449.61,2552.5,1841.07,1196.15,2656.51,,3091.46,1939.79,1959.02,406.24,1116.59,3384.02,2361.32,2707.29,2075.85,714.08,7.21,84.35,936.52,3213.02,2458.23,2861.41,2436.23,2077.67,3158.6,297.03,3117.5,3083.09,423.85,54.69,3479.8,2537.81,1403.94,2842.82,2589.41,1196.28,418.0,1373.64,1403.2,410.31,2458.11,1748.47,49.22,537.58,919.87,3197.42,1171.27,402.57,1021.47,3058.32,1567.13,1037.26,2890.81,2610.19,2188.92,3113.89,2873.09,468.66
479,"Lakewood, NJ",204.2,898.18,3393.85,1024.15,2943.89,1750.89,3502.58,2311.46,1446.58,893.27,1524.66,3024.55,58.09,3047.81,1611.95,748.99,988.1,3497.99,1148.84,3040.81,100.59,3040.26,640.22,1196.42,1010.18,44.47,128.38,1886.85,1013.49,1611.43,509.74,3416.41,1419.48,3263.3,686.64,2677.8,1322.51,679.29,351.76,2977.02,689.6,1188.19,899.92,1343.19,3297.75,1058.68,3049.58,,1501.64,1477.54,3381.31,1983.93,334.78,919.92,1075.81,1823.38,3461.07,3043.98,2971.06,3038.13,163.78,927.05,1237.22,982.19,1433.94,109.25,2950.8,87.32,49.67,3398.93,3004.94,430.56,1057.63,3505.54,302.08,675.58,2186.92,3014.25,1865.09,1816.61,3385.38,1020.6,1496.01,3039.18,3391.77,3554.57,148.17,3521.34,2656.22,3454.42,31.56,1579.82,3450.37,207.85,1279.55,1477.95,76.1,188.17,3443.74
489,"Lawrence, KS",1387.03,1109.26,2278.41,560.88,555.95,875.63,1909.69,1041.79,57.56,776.35,220.41,1909.11,1431.25,1932.37,543.06,1475.05,547.89,1905.1,507.32,1925.37,1439.03,1924.82,714.38,1692.88,536.6,1413.8,1441.77,302.26,539.91,578.57,1456.13,2300.97,307.81,2147.86,1272.84,1562.36,752.06,679.43,1665.14,1861.58,1282.5,335.99,1440.04,170.84,1704.86,1528.79,1934.14,1446.63,,31.54,2265.87,608.15,1648.17,1096.71,1615.93,948.12,1084.25,1928.54,1855.62,1445.24,1477.17,613.67,1733.69,540.79,187.67,1447.69,1835.36,1409.72,1414.02,2283.49,1889.5,1743.95,637.04,1912.65,1362.72,1310.2,1071.48,1225.08,920.92,747.72,2269.94,557.34,620.75,1923.74,1556.68,1961.68,1461.56,1928.45,1540.78,1861.53,1416.67,500.5,1857.48,1410.71,351.56,504.3,1407.29,1193.59,2328.3
499,"Lenexa, KS",1362.88,1085.12,2298.26,536.74,588.74,881.35,2244.18,1053.06,29.9,752.2,239.44,1928.97,1407.1,1952.23,548.78,1450.9,523.75,2239.59,476.71,1945.23,1414.88,1944.67,690.24,1712.4,512.45,1389.65,1417.62,322.12,515.76,548.26,1431.99,2320.83,282.03,2167.71,1248.69,1582.21,727.92,655.28,1641.0,1881.43,1258.36,311.85,1415.9,145.07,2039.35,1538.52,1954.0,1422.48,31.54,,2285.73,640.94,1624.02,1072.56,1591.79,953.84,1117.04,1948.39,1875.47,1779.72,1453.02,589.52,1753.2,516.64,194.7,1423.55,1855.21,1385.58,1389.87,2303.34,1909.35,1719.8,612.89,2247.13,1338.58,1286.05,1091.34,1257.87,940.78,753.43,2289.8,533.19,626.46,1943.59,1589.47,2296.16,1437.42,2262.94,1560.63,2196.01,1392.52,506.22,2191.97,1386.56,327.41,480.15,1383.15,1169.44,2348.15
509,"Livermore, CA",3192.93,2703.46,31.95,2787.46,1222.85,2329.16,821.05,1256.27,2312.19,2582.48,2064.16,371.01,3366.62,360.25,1787.95,2967.68,2774.47,830.04,2349.9,359.34,3475.74,373.0,2822.98,3146.41,2763.17,3408.68,3503.43,1962.64,2766.48,1768.31,3262.03,83.72,2182.55,150.29,3078.74,703.12,2978.64,2803.31,3726.8,417.18,3088.4,2775.41,2878.3,2166.87,863.53,2982.32,408.64,3417.27,2265.59,2284.83,,1249.84,3709.83,2687.12,3033.09,2401.65,735.17,406.94,410.16,621.04,3538.83,2784.03,3187.22,2762.04,2159.5,3484.4,540.24,3443.31,3408.9,42.72,380.51,3805.61,2863.61,827.56,3168.63,2915.21,1522.08,661.21,1699.45,1729.0,31.54,2783.91,2074.28,353.53,218.71,535.72,3523.22,787.11,728.37,637.32,3384.13,1892.93,653.1,3216.61,2303.4,2085.21,3439.69,3198.9,87.32
519,"Loveland, CO",2807.68,2318.21,1224.38,1143.38,57.23,1943.92,1246.42,510.52,663.12,2197.23,748.8,1086.65,2981.37,1109.91,1402.7,2582.44,1130.39,1241.84,1964.65,1102.91,2021.52,1102.35,1296.88,2761.17,1119.09,1996.29,2024.26,933.31,1122.4,1383.06,2876.78,1173.28,1797.3,1215.51,2693.49,964.41,1216.22,1261.92,2247.63,1046.04,2703.16,807.59,2493.05,748.95,1041.59,2597.07,1111.68,3032.02,608.83,640.41,1250.72,,2230.66,2301.88,2647.84,2016.4,559.2,1106.07,1060.42,781.97,2059.66,1196.16,2801.97,1123.28,553.91,2030.18,824.08,1992.22,1996.51,1229.46,1067.04,2326.44,1101.19,1249.38,2783.38,2529.96,553.8,700.03,1314.2,1343.75,1297.01,1139.83,1689.03,1101.27,1031.63,1298.41,2044.05,1265.19,939.99,1198.26,2998.88,1507.68,1194.21,2831.36,812.82,1327.54,1989.79,2813.65,1184.27
529,"Malden, MA",504.25,1198.22,3710.8,1177.59,2199.54,2067.84,3656.02,2464.9,1600.02,1210.22,1841.61,3341.5,358.36,3364.76,1928.9,1049.04,1141.54,3651.43,1465.79,3357.76,268.93,3357.2,984.16,1496.47,1163.62,304.19,207.43,2203.8,1166.92,1928.38,809.79,3733.36,1736.43,3580.24,986.69,2994.75,1475.94,1023.23,29.87,3293.97,989.65,1341.63,1199.97,1660.13,3451.19,1358.72,3366.53,328.96,1655.08,1630.98,3698.26,2137.37,,1219.97,1375.86,2140.33,2515.22,3360.93,3288.01,3191.56,176.77,1080.48,1537.27,1135.63,1587.38,285.91,3267.75,274.14,297.09,3715.88,3321.89,101.57,1211.06,3658.98,602.13,975.63,2503.87,3331.2,2182.04,2133.56,3702.33,1174.04,1812.95,3356.12,3708.72,3708.0,188.49,3674.78,2973.17,3607.86,338.96,1896.76,3603.81,507.89,1432.98,1631.39,290.05,488.21,3760.68
539,"Marietta, GA",711.45,18.86,2671.86,804.77,2221.89,561.08,3564.51,2775.01,897.83,325.16,966.27,2302.56,860.38,2325.82,889.96,306.82,768.72,3559.93,342.7,2318.82,972.4,2318.26,639.2,641.35,790.8,912.38,1000.19,1164.85,794.1,889.43,414.14,2694.42,713.9,2541.3,228.41,1955.8,1103.12,619.53,1223.56,2255.02,258.37,968.81,344.86,849.75,3359.68,467.48,2327.59,911.49,1101.11,1077.01,2659.32,2273.33,1206.59,,520.75,577.83,2739.08,2321.98,2249.06,3100.06,1035.59,600.25,682.16,762.81,1196.54,981.06,2228.8,959.13,934.73,2676.93,2282.94,1302.37,838.24,3567.47,611.9,242.56,1464.93,2292.25,1143.09,1094.61,2663.39,801.22,615.93,2317.18,2669.77,3616.5,1019.98,3583.28,1934.23,3516.35,892.47,712.19,3512.31,702.56,1060.16,1258.57,947.9,725.56,2721.74
549,"Melbourne, FL",876.72,526.11,3015.99,1322.99,2566.03,905.21,3908.65,3119.14,1416.06,843.39,1310.41,2646.69,1025.65,2669.95,1234.09,433.93,1286.94,3904.06,821.71,2662.95,1137.66,2662.4,1157.42,125.69,1309.02,1077.65,1165.46,1508.99,1312.33,1233.57,579.41,3038.55,1216.51,2885.44,553.64,2299.94,1621.35,1137.76,1388.83,2599.16,566.72,1487.04,176.6,1358.47,3703.82,55.18,2671.72,1076.76,1524.28,1595.24,3003.45,2617.46,1371.85,521.3,,706.94,3083.21,2666.12,2593.2,3444.19,1200.86,1118.48,166.49,1281.03,1714.76,1146.32,2572.94,1124.4,1100.0,3021.07,2627.08,1467.63,1356.47,3911.61,777.16,528.83,1809.06,2636.39,1487.23,1438.75,3007.52,1319.45,960.07,2661.32,3013.91,3960.63,1185.25,3927.41,2278.36,3860.49,1057.74,1056.32,3856.44,867.83,1578.39,1776.8,1113.17,890.83,3065.88
559,"Metairie Terrace, LA",1616.78,562.89,2396.44,1211.31,1946.48,77.13,3289.1,2499.59,877.18,1006.32,690.86,2027.14,1790.47,2050.4,614.54,798.35,1198.32,3284.51,773.75,2043.4,1899.59,2042.84,1246.82,825.88,1187.02,1832.53,1927.28,889.44,1190.33,614.02,939.42,2419.0,596.96,2265.88,760.5,1680.39,1402.49,1227.16,2150.65,1979.6,855.48,1199.26,557.7,738.92,3084.27,661.78,2052.17,1841.11,904.73,909.89,2383.9,1997.91,2133.68,546.56,712.55,,2463.66,2046.56,1973.65,2824.64,1962.68,1207.88,866.68,1185.88,1066.54,1908.25,1953.39,1867.16,1832.74,2401.51,2007.53,2229.46,1287.46,3292.05,1592.47,774.65,1189.51,2016.83,867.68,819.19,2387.97,1207.76,336.48,2041.76,2394.36,3341.08,1947.07,3307.86,1658.81,3240.93,1807.97,429.99,3236.89,1640.46,1359.84,1557.93,1863.54,1622.75,2446.32
569,"Millcreek, UT",3273.78,2784.3,710.11,1887.06,532.9,2410.01,827.81,648.27,1139.55,2663.32,1500.92,684.44,3447.47,707.7,1868.8,3048.53,1930.18,823.22,2430.75,700.7,2851.64,700.14,2219.18,3227.26,1913.09,2826.41,2854.38,1399.4,1904.63,1849.16,3342.88,659.02,2263.4,813.3,3159.58,663.65,1775.61,2220.41,3077.75,643.83,3169.25,1185.84,2959.15,1225.37,622.98,3063.17,709.47,2859.24,1085.26,1116.84,736.45,559.89,3060.78,2767.97,3113.94,2482.5,,703.86,658.21,363.35,2889.78,2106.38,3268.06,1923.07,932.16,2860.3,421.87,2822.34,2826.63,715.19,664.83,3156.56,1911.92,830.76,3249.47,2996.06,1019.89,297.82,1780.3,1809.85,782.75,1893.26,2155.13,699.06,517.36,879.79,2874.17,846.57,662.07,779.64,2829.28,1973.78,775.6,3297.46,1695.39,1477.21,2819.9,3279.75,670.0
579,"Mission Viejo, CA",2865.5,2376.03,414.09,2460.03,1087.98,2001.73,1334.3,1358.35,1984.76,2255.05,1736.73,27.94,3039.19,53.17,1460.52,2640.25,2447.04,1329.71,2022.47,46.17,3148.31,32.48,2495.54,2818.98,2435.74,3081.25,3176.0,1635.21,2439.05,1440.88,2934.6,436.65,1855.12,283.53,2751.31,375.69,2651.21,2475.88,3399.37,89.75,2760.97,2447.98,2550.87,1839.44,1129.47,2654.89,7.13,3089.84,1938.16,1957.4,401.55,1114.97,3382.4,2359.69,2705.66,2074.22,712.45,,82.73,934.9,3211.4,2456.6,2859.79,2434.6,2076.05,3156.97,295.41,3115.88,3081.46,419.16,53.06,3478.18,2536.18,1337.25,2841.2,2587.78,1194.65,416.37,1372.02,1401.57,405.62,2456.48,1746.85,44.53,532.89,915.19,3195.79,1166.58,400.94,1016.79,3056.69,1565.5,1032.57,2889.18,2608.56,2187.29,3112.26,2871.47,463.97
589,"Moreno Valley, CA",2783.24,2293.77,423.63,2377.77,1033.08,1919.48,1344.46,1303.45,1902.5,2172.79,1654.48,54.33,2956.94,77.59,1378.26,2558.0,2364.79,1339.87,1940.21,70.59,3066.05,70.03,2413.29,2736.73,2353.49,2998.99,3093.74,1552.96,2356.8,1358.62,2852.35,446.19,1772.86,293.07,2669.05,293.44,2568.95,2393.62,3317.12,25.36,2678.72,2365.73,2468.61,1757.19,1139.63,2572.63,79.36,3007.58,1855.91,1875.14,411.09,1060.07,3300.14,2277.44,2623.41,1991.97,657.55,73.75,,880.0,3129.14,2374.34,2777.53,2352.35,1993.79,3074.72,240.51,3033.62,2999.21,428.7,34.72,3395.92,2453.93,1347.41,2758.94,2505.52,1112.4,361.48,1289.76,1319.32,415.16,2374.23,1664.59,68.95,542.44,924.73,3113.53,1176.12,318.69,1026.33,2974.44,1483.24,1042.11,2806.92,2526.31,2132.39,3030.01,2789.21,473.51
599,"Nampa, ID",2785.33,2852.01,595.43,1967.16,1285.41,3172.1,472.3,728.38,1792.0,2519.09,1926.56,905.9,2923.97,929.16,2630.89,3217.79,2010.29,467.72,3192.84,922.16,2931.75,921.6,2299.29,3989.35,1993.2,2906.52,2934.49,2161.49,1984.74,2611.25,3198.88,544.34,3025.49,704.22,3015.58,918.33,1855.72,2300.52,3157.86,865.29,3025.25,1866.37,3721.24,1923.81,267.47,3825.26,930.93,2939.34,1769.69,1780.59,621.77,1236.64,3140.89,3530.06,3876.03,3244.59,423.39,925.32,879.67,,2969.89,2186.48,4030.15,2003.18,1631.6,2940.41,643.33,2902.44,2906.74,600.51,886.29,3236.67,1992.03,475.26,3105.47,3052.94,1781.98,718.34,2542.39,2571.94,668.07,1973.36,2917.22,920.52,402.68,524.29,2954.28,491.07,944.94,424.14,2909.39,2735.87,420.1,2806.27,1775.5,1557.31,2900.01,2766.41,555.32
609,"New Haven, CT",334.86,1028.84,3541.41,1008.2,2030.16,1898.45,3486.63,2295.52,1430.63,1040.83,1672.22,3172.12,188.97,3195.37,1759.52,879.65,972.15,3482.05,1296.4,3188.38,99.55,3187.82,814.77,1327.08,994.23,134.81,38.05,2034.41,997.54,1758.99,640.41,3563.98,1567.04,3410.86,817.3,2825.36,1306.56,853.85,192.28,3124.58,820.26,1172.25,1030.59,1490.75,3281.8,1189.34,3197.15,159.57,1485.69,1461.6,3528.88,1967.98,175.31,1050.58,1206.48,1970.94,2345.84,3191.54,3118.62,3022.18,,911.1,1367.89,966.24,1417.99,116.53,3098.36,104.75,127.7,3546.49,3152.5,271.09,1041.68,3489.59,432.74,806.25,2334.49,3161.81,2012.65,1964.17,3532.95,1004.66,1643.57,3186.74,3539.33,3538.62,15.57,3505.4,2803.78,3438.47,169.57,1727.38,3434.43,338.51,1263.6,1462.01,120.67,318.83,3591.3
619,"Noblesville, IN",638.9,631.38,2799.05,222.99,1159.77,1156.09,2701.42,1510.3,560.25,298.47,929.86,2429.75,857.64,2453.01,1017.16,834.74,186.94,2696.83,554.04,2446.02,865.42,2445.46,112.81,1258.66,209.02,840.19,868.16,1292.05,212.32,1016.63,815.82,2821.62,824.68,2668.5,632.53,2083.0,521.34,128.85,1091.53,2382.22,642.19,387.03,962.16,748.39,2496.59,1084.79,2454.79,873.02,615.31,591.21,2786.52,1182.77,1074.56,618.83,1138.05,1228.58,1560.62,2449.18,2376.26,2236.96,903.56,,1299.46,181.03,632.78,874.08,2356.0,836.12,840.41,2804.13,2410.14,1170.34,256.46,2704.37,722.42,669.89,1592.13,2419.45,1270.29,1221.81,2790.59,219.44,901.21,2444.38,2796.97,2753.4,887.95,2720.18,2061.42,2653.25,843.06,985.02,2649.21,659.85,478.38,676.79,833.68,619.98,2848.94
629,"North Miami, FL",1038.25,687.64,3169.64,1484.52,2719.68,1058.86,4062.3,3272.79,1577.59,1004.92,1464.06,2800.34,1187.18,2823.6,1387.74,595.46,1448.47,4057.71,975.36,2816.6,1299.19,2816.05,1318.95,42.86,1470.55,1239.18,1326.99,1662.64,1473.86,1387.22,740.94,3192.2,1370.16,3039.09,715.17,2453.59,1782.88,1299.29,1550.36,2752.81,728.25,1648.57,338.13,1512.12,3857.47,209.42,2825.37,1238.28,1677.93,1683.09,3157.1,2771.11,1533.38,682.83,166.3,860.58,3236.86,2819.77,2746.85,3597.84,1362.39,1280.01,,1442.56,1876.29,1307.85,2726.59,1285.93,1261.53,3174.72,2780.73,1629.16,1518.0,4065.25,938.69,690.36,1962.71,2790.04,1640.88,1592.4,3161.17,1480.98,1113.72,2814.96,3167.56,4114.28,1346.78,4081.06,2432.01,4014.14,1219.27,1209.97,4010.09,1029.36,1739.92,1938.33,1274.7,1052.36,3219.53
639,"Oak Lawn, IL",776.02,784.76,2899.07,39.62,1083.38,1256.11,2540.1,1348.99,483.86,451.85,680.04,2529.77,914.66,2553.03,1117.17,988.11,24.5,2535.52,697.11,2546.03,922.44,2545.48,289.99,1412.04,21.82,897.21,925.18,1392.07,25.13,1116.65,969.2,2921.63,924.7,2768.51,785.9,2183.02,360.03,291.21,1148.56,2482.24,795.57,225.72,1115.54,577.46,2335.27,1238.16,2554.8,930.04,538.91,514.82,2886.53,1021.45,1131.58,772.2,1291.43,1328.6,1399.31,2549.2,2476.28,2075.65,960.58,177.18,1452.84,,471.46,931.11,2456.02,893.14,897.43,2904.15,2510.16,1227.36,93.15,2543.06,875.79,823.26,1692.14,2519.47,1370.31,1321.83,2890.6,36.07,1001.22,2544.39,2896.99,2592.09,944.98,2558.87,2161.44,2491.94,900.08,1085.03,2487.9,796.97,317.07,515.48,890.71,757.1,2948.95
649,"Omaha, NE",1483.76,1206.0,1718.94,499.93,540.4,1059.05,2095.98,904.87,206.01,873.08,403.83,2048.01,1527.98,2071.27,747.74,1571.78,644.63,2091.39,953.51,2064.27,1535.76,2063.71,811.12,1833.28,472.55,1510.53,1538.5,441.16,488.9,717.46,1552.87,1667.84,474.78,2286.75,1369.57,1701.25,665.78,776.16,1761.88,2000.47,1379.24,257.16,1536.78,337.81,1891.15,1659.4,2073.04,1543.36,188.14,194.59,1745.28,553.83,1744.9,1193.44,1712.67,1131.54,931.68,2067.43,1994.51,1631.53,1573.9,710.4,1874.08,637.52,,1544.43,1318.64,1506.46,1510.75,1724.01,2028.39,1840.68,550.76,2098.94,1459.46,1406.93,1210.38,1194.59,1059.82,949.22,1791.57,504.62,804.17,2062.63,1526.18,2147.97,1558.29,2114.74,1679.67,2047.82,1513.4,852.73,2043.77,1507.44,256.79,380.35,1504.03,1290.32,1678.83
659,"Ozone Park, NY",273.15,967.13,3479.7,972.77,3029.74,1836.74,3451.19,2260.08,1395.19,979.12,1610.51,3110.4,127.26,3133.66,1697.8,817.94,936.71,3446.61,1234.69,3126.66,11.78,3126.11,779.33,1265.37,958.79,73.1,73.38,1972.7,962.1,1697.28,578.69,3502.27,1505.33,3349.15,755.59,2763.65,1271.12,818.41,296.75,3062.87,758.55,1136.81,968.87,1429.04,3246.36,1127.63,3135.43,97.86,1450.25,1426.16,3467.16,1932.54,279.78,988.87,1144.76,1909.23,3546.93,3129.83,3056.91,2986.74,108.78,875.66,1306.17,930.8,1382.55,,3036.65,43.04,65.99,3484.78,3090.79,375.56,1006.24,3454.15,371.03,744.53,2272.77,3100.1,1950.94,1902.46,3471.23,969.22,1581.86,3125.03,3477.62,3503.18,93.17,3469.96,2742.07,3403.03,107.86,1665.67,3398.99,276.8,1228.16,1426.57,58.96,257.11,3529.59
669,"Paradise, NV",2774.75,2285.27,553.19,2369.28,797.82,1910.98,1109.19,1068.19,1894.01,2164.29,1645.98,266.55,2948.44,289.81,1369.77,2549.5,2356.29,1104.61,1931.72,282.82,3057.56,282.26,2404.79,2728.23,2344.99,2990.5,3085.25,1544.46,2348.3,1350.13,2843.85,575.75,1764.37,395.41,2660.55,283.58,2560.46,2385.13,3308.62,225.95,2670.22,2357.23,2460.12,1748.69,904.36,2564.14,291.58,2999.08,1847.41,1866.65,540.65,824.81,3291.65,2268.94,2614.91,1983.47,422.29,285.98,240.32,644.74,3120.65,2365.85,2769.03,2343.85,1319.18,3066.22,,3025.12,2990.71,558.26,246.94,3387.43,2445.43,1112.15,2750.44,2497.03,1103.9,126.21,1281.27,1310.82,544.72,2365.73,1656.1,281.18,446.62,885.65,3105.04,1127.95,310.19,1061.03,2965.94,1474.75,1056.99,2798.43,1578.09,1897.13,3021.51,2780.72,603.07
679,"Paterson, NJ",253.65,947.62,3438.27,934.48,2988.31,1795.31,3412.91,2221.8,1356.91,937.69,1569.08,3068.97,107.76,3092.23,1656.37,798.44,898.43,3408.33,1193.26,3085.24,34.95,3084.68,741.05,1245.87,920.51,53.6,62.64,1931.27,923.82,1655.85,559.19,3460.84,1463.9,3307.72,736.09,2722.22,1232.84,780.13,286.01,3021.44,739.05,1098.53,949.37,1387.61,3208.08,1108.13,3094.0,78.36,1411.97,1387.88,3425.73,1894.26,269.04,969.37,1125.26,1867.8,3505.5,3088.4,3015.48,2948.46,98.04,837.38,1286.67,892.52,1344.27,43.61,2995.22,,46.49,3443.35,3049.36,364.82,967.96,3415.87,351.53,725.03,2231.34,3058.67,1909.51,1861.03,3429.8,930.94,1540.43,3083.6,3436.19,3464.9,82.43,3431.67,2700.64,3364.75,88.36,1624.24,3360.71,257.29,1189.88,1388.29,21.0,237.61,3488.16
689,"Perth Amboy, NJ",228.17,922.14,3405.46,940.77,2955.49,1762.5,3419.2,2228.08,1363.2,904.87,1536.27,3036.16,82.27,3059.42,1623.56,772.96,904.72,3414.61,1160.45,3052.42,55.69,3051.86,747.34,1220.39,926.8,27.43,83.49,1898.46,930.11,1623.04,533.71,3428.02,1431.09,3274.9,710.61,2689.4,1239.13,786.41,306.86,2988.62,713.57,1104.81,923.89,1354.79,3214.37,1082.65,3061.19,36.8,1418.26,1394.16,3392.92,1900.55,289.88,943.89,1099.78,1834.99,3472.68,3055.58,2982.66,2954.75,118.89,843.67,1261.19,898.81,1350.56,64.35,2962.41,42.43,,3410.53,3016.55,385.67,974.25,3422.16,326.05,699.55,2198.53,3025.85,1876.7,1828.21,3396.99,937.22,1507.61,3050.78,3403.38,3471.19,103.28,3437.96,2667.83,3371.04,48.88,1591.42,3366.99,231.82,1196.17,1394.57,31.2,251.22,3455.34
699,"Pittsburg, CA",3211.82,2722.35,6.13,2806.35,1202.49,2348.05,799.26,1235.91,2331.08,2601.37,2083.05,389.9,3385.51,379.14,1806.84,2986.57,2793.36,808.25,2368.79,378.22,3494.63,391.89,2841.86,3165.3,2782.06,3427.57,3522.32,1981.53,2785.37,1787.2,3280.92,63.36,2201.44,159.0,3097.63,722.01,2997.53,2822.2,3745.69,436.07,3107.29,2794.3,2897.19,2185.76,843.17,3001.21,427.53,3436.16,2284.48,2303.72,42.64,1229.48,3728.72,2706.01,3051.98,2420.54,714.81,425.83,429.05,600.68,3557.72,2802.92,3206.11,2780.92,2139.14,3503.29,559.13,3462.2,3427.78,,399.4,3824.5,2882.5,805.77,3187.52,2934.1,1540.97,680.1,1718.34,1747.89,62.62,2802.8,2093.17,372.42,198.35,513.93,3542.11,765.32,747.26,615.53,3403.01,1911.82,631.31,3235.5,2283.04,2064.85,3458.58,3217.79,66.96
709,"Pomona, CA",2817.27,2327.79,393.51,2411.8,1039.74,1953.5,1351.12,1310.12,1936.53,2206.81,1688.5,24.21,2990.96,47.47,1412.29,2592.02,2398.81,1346.53,1974.24,40.47,3100.08,39.92,2447.31,2770.75,2387.51,3033.02,3127.77,1586.98,2390.82,1392.65,2886.37,416.07,1806.89,262.96,2703.07,327.46,2602.98,2427.65,3351.14,41.52,2712.74,2399.75,2502.64,1791.21,1146.29,2606.66,49.19,3041.6,1889.93,1909.17,380.97,1066.74,3334.17,2311.46,2657.43,2025.99,664.22,43.58,34.5,886.67,3163.17,2408.37,2811.55,2386.37,2027.82,3108.74,247.17,3067.65,3033.23,398.59,,3429.95,2487.95,1354.08,2792.96,2539.55,1146.42,368.14,1323.79,1353.34,385.04,2408.25,1698.62,38.84,512.32,894.61,3147.56,1146.01,352.71,996.21,3008.46,1517.27,1011.99,2840.95,2560.33,2139.06,3064.03,2823.24,443.4
719,"Portland, ME",601.81,1295.79,3808.36,1275.15,2297.1,2165.4,3753.58,2562.47,1697.58,1307.78,1939.17,3439.06,455.92,3462.32,2026.47,1146.6,1239.1,3748.99,1563.35,3455.33,366.5,3454.77,1081.72,1594.03,1261.18,401.76,304.99,2301.36,1264.49,2025.94,907.35,3830.93,1833.99,3677.81,1084.25,3092.31,1573.51,1120.79,80.16,3391.53,1087.21,1439.2,1297.53,1757.7,3548.75,1456.29,3464.1,426.52,1752.64,1728.55,3795.83,2234.93,101.37,1317.53,1473.42,2237.89,2612.79,3458.49,3385.57,3289.13,274.34,1178.05,1634.83,1233.19,1684.94,383.47,3365.31,371.7,394.65,3813.44,3419.45,,1308.63,3756.54,699.69,1073.19,2601.44,3428.76,2279.6,2231.12,3799.9,1271.6,1910.52,3453.69,3806.28,3805.57,286.05,3772.34,3070.73,3705.42,436.52,1994.33,3701.37,605.46,1530.55,1728.95,387.62,585.78,3858.25
729,"Racine, WI",847.71,856.44,2990.0,56.24,1174.31,1347.04,2467.38,1276.27,574.78,523.53,770.97,2620.7,986.34,2643.96,1208.1,1059.8,70.33,2462.8,788.04,2636.96,994.13,2636.4,361.67,1483.72,83.41,968.9,996.87,1483.0,74.94,1207.58,1040.88,3012.56,1015.63,2859.44,857.59,2273.94,140.65,362.89,1220.24,2573.16,867.25,295.95,1187.22,668.39,2262.55,1309.85,2645.73,1001.72,629.84,605.75,2977.46,1091.68,1203.26,843.89,1363.11,1419.52,1469.54,2640.12,2567.2,2002.93,1032.27,248.86,1524.52,93.39,541.69,1002.79,2546.95,964.82,969.11,2995.07,2601.09,1299.05,,2470.34,947.47,894.95,1783.07,2610.39,1461.24,1412.75,2981.53,63.57,1092.15,2635.32,2987.91,2519.37,1016.66,2486.14,2252.37,2419.22,971.76,1175.96,2415.17,868.65,266.37,442.75,962.39,828.78,3039.88
739,"Redmond, WA",3252.36,3319.04,805.03,2434.2,1752.45,3639.14,7.86,1195.41,2259.04,2986.13,2393.59,1372.93,3391.0,1396.19,3097.92,3684.83,2477.32,7.72,3659.87,1389.2,3398.78,1388.64,2766.33,4456.39,2460.24,3373.55,3401.52,2628.53,2451.77,3078.28,3665.91,775.15,3492.52,935.03,3482.62,1385.36,2322.75,2767.55,3624.9,1332.33,3492.28,2333.4,4188.27,2390.84,210.69,4292.29,1397.97,3406.38,2236.73,2247.62,827.57,1703.67,3607.92,3997.1,4343.07,3711.63,890.43,1392.36,1346.7,474.47,3436.92,2653.52,4497.19,2470.22,2098.64,3407.45,1110.37,3369.48,3373.77,806.21,1353.32,3703.7,2459.07,,3572.51,3519.98,2249.02,1185.37,3009.42,3038.98,861.0,2440.4,3384.25,1387.56,852.35,293.67,3421.31,42.83,1411.97,192.88,3376.42,3202.9,175.08,3273.31,2242.54,2024.35,3367.05,3233.44,744.11
749,"Richmond, VA",100.98,599.38,3164.2,932.56,2714.24,1521.24,4056.86,2219.87,1161.62,663.62,1295.01,2794.9,249.9,2818.16,1382.3,450.19,896.5,4052.27,919.19,2811.16,361.92,2810.61,503.69,897.63,918.58,301.91,389.71,1657.2,921.89,1381.78,210.95,3186.76,1189.83,3033.64,387.85,2448.15,1230.91,523.16,613.08,2747.37,390.81,1096.6,601.13,1113.54,3852.03,759.88,2819.93,301.01,1365.12,1341.03,3151.66,2765.67,596.11,621.13,777.02,1593.73,3231.42,2814.33,2741.41,3592.4,425.11,728.04,938.43,890.59,1342.34,370.58,2721.15,348.65,324.26,3169.28,2775.29,691.89,966.03,4059.81,,376.79,1957.27,2784.6,1635.44,1586.96,3155.73,929.01,1266.35,2809.52,3162.12,4108.84,409.5,4075.62,2426.57,4008.7,281.99,1350.16,4004.65,92.08,1187.95,1386.36,337.43,115.08,3214.09
759,"Rock Hill, SC",476.9,225.6,2901.79,878.57,2451.82,791.01,3794.44,2165.88,1058.34,482.97,1191.73,2532.49,625.83,2555.75,1119.89,185.37,842.52,3789.86,815.91,2548.75,737.84,2548.19,508.02,646.54,864.6,677.83,765.63,1394.79,867.91,1119.37,179.59,2924.35,1086.55,2771.23,35.75,2185.73,1176.93,517.54,989.01,2484.95,40.74,1042.61,350.04,1010.26,3589.62,508.8,2557.52,676.93,1261.62,1237.52,2889.25,2503.26,972.03,247.35,525.93,807.77,2969.01,2551.91,2478.99,3329.99,801.03,674.05,687.34,836.61,1357.04,746.5,2458.74,724.58,700.18,2906.86,2512.88,1067.81,912.05,3797.4,377.34,,1694.86,2522.18,1373.03,1324.54,2893.32,875.02,845.86,2547.11,2899.7,3846.43,785.43,3813.21,2164.16,3746.28,657.92,942.12,3742.24,468.01,1133.97,1332.37,713.35,491.01,2951.67
769,"Roswell, NM",1999.31,1509.84,1309.43,1593.84,502.35,1135.54,1844.97,1055.46,1118.57,1388.86,870.55,940.14,2173.0,963.39,594.33,1774.06,1580.85,1840.38,1156.28,956.4,2282.12,955.84,1629.36,1952.79,1569.56,2215.06,2309.81,769.03,1572.86,574.69,2068.41,1332.0,988.93,1178.88,1885.12,593.38,1785.02,1609.69,2533.18,892.6,1894.78,1581.8,1684.68,973.25,1640.14,1788.7,965.17,2223.65,1071.97,1091.21,1296.9,553.79,2516.21,1493.5,1839.47,1208.03,1019.54,959.56,886.64,1380.52,2345.21,1590.41,1993.6,1568.42,1209.86,2290.78,744.74,2249.69,2215.28,1314.51,920.52,2611.99,1669.99,1847.93,1975.01,1721.59,,746.6,591.2,620.75,1300.97,1590.29,880.66,954.76,1491.96,1896.96,2329.6,1863.73,571.8,1796.81,2190.51,699.31,1792.76,2022.99,1742.38,1940.47,2246.08,2005.28,1359.32
779,"Saint George, UT",2826.95,2337.47,674.7,2421.48,673.15,1963.18,1123.06,943.52,1279.79,2216.49,1698.18,388.06,3000.64,411.32,1421.96,2601.7,2408.49,1118.47,1983.92,404.32,3109.76,403.77,2456.99,2780.43,2397.19,3042.69,3137.45,1596.66,2400.5,1402.33,2896.05,673.17,1816.57,516.92,2712.75,400.49,2070.86,2437.33,3360.82,347.45,2722.42,1448.19,2512.32,1800.89,918.23,2616.34,413.09,3051.28,1225.5,1257.08,662.16,700.14,3343.84,2321.14,2667.11,2035.67,297.62,407.49,361.83,658.6,3172.85,2418.05,2821.23,2396.05,1194.51,3118.42,125.49,3077.32,3042.91,679.77,368.45,3439.63,2497.63,1126.02,2802.64,2549.23,746.43,,1333.47,1363.02,666.23,2417.93,1708.3,402.68,531.51,1175.04,3157.24,1141.82,427.1,1074.9,3018.14,1526.95,1070.85,2850.63,1453.42,1772.46,3073.71,2832.92,684.15
789,"San Antonio, TX",1676.97,1187.49,1713.64,1271.5,1263.68,813.2,2606.3,1816.79,975.26,1066.51,727.23,1344.34,1850.66,1367.6,291.1,1451.72,1258.51,2601.71,833.94,1360.6,1959.78,1360.04,1307.01,1630.45,1247.21,1892.71,1987.47,625.71,1250.52,304.15,1746.07,1736.2,666.59,1583.08,1562.77,997.59,1462.68,1287.35,2210.84,1296.8,1572.44,1259.45,1362.34,829.94,2401.47,1466.36,1369.37,1901.3,928.66,947.9,1701.1,1315.11,2193.86,1171.16,1517.13,885.69,1780.86,1363.76,1290.85,2141.84,2022.87,1268.07,1671.25,1246.07,1066.55,1968.44,1270.59,1927.34,1892.93,1718.71,1324.73,2289.65,1347.65,2609.25,1652.66,1399.25,590.63,1334.03,,48.58,1705.17,1267.95,558.32,1358.96,1711.56,2658.28,2007.26,2625.06,976.01,2558.13,1868.16,439.71,2554.09,1700.65,1420.03,1618.12,1923.73,1682.94,1763.52
799,"San Marcos, TX",1612.03,1122.56,1741.85,1206.56,1291.88,748.26,2634.51,1845.0,762.08,1001.58,522.09,1372.55,1785.72,1395.81,226.17,1386.78,1193.57,2629.92,769.0,1388.81,1894.84,1388.25,1242.08,1565.52,1182.28,1827.78,1922.53,506.17,1185.58,239.21,1681.13,1764.41,601.65,1611.29,1497.84,1025.79,1397.74,1222.41,2145.9,1325.01,1507.51,1194.52,1297.4,610.33,2429.68,1401.42,1397.58,1836.37,809.11,741.12,1729.31,1343.32,2128.93,1106.23,1452.19,820.75,1809.07,1391.97,1319.05,2170.05,1957.93,1203.13,1606.32,1181.14,947.0,1903.5,1298.8,1862.41,1828.0,1746.92,1352.94,2224.71,1282.71,2637.46,1587.73,1334.31,618.83,1362.24,49.21,,1733.38,1203.01,493.38,1387.17,1739.76,2686.49,1942.32,2653.27,1004.22,2586.34,1803.23,312.03,2582.3,1635.71,1355.1,1553.19,1858.8,1618.0,1791.73
809,"Santa Clara, CA",3197.98,2708.5,67.15,2792.51,1263.51,2334.21,854.44,1296.93,2317.24,2587.52,2069.21,376.06,3371.67,365.29,1793.0,2972.73,2779.52,863.42,2354.95,364.38,3480.79,378.05,2828.02,3151.46,2768.22,3413.73,3508.48,1967.69,2771.53,1773.36,3267.08,124.37,2187.6,154.56,3083.78,708.17,2983.69,2808.36,3731.85,422.23,3093.45,2780.46,2883.35,2171.92,904.18,2987.37,413.69,3422.31,2270.64,2289.88,31.57,1290.5,3714.88,2692.17,3038.14,2406.7,775.83,411.99,415.21,661.7,3543.88,2789.08,3192.26,2767.08,2408.53,3489.45,545.29,3448.35,3413.94,62.74,385.56,3810.66,2868.66,860.94,3173.67,2920.26,1527.13,666.26,1704.5,1734.05,,2788.96,2079.33,358.58,259.36,569.1,3528.27,820.5,733.42,670.7,3389.17,1897.98,686.48,3221.66,2344.06,2125.87,3444.74,3203.95,125.9
819,"Schaumburg, IL",818.8,827.54,2913.99,10.76,1098.3,1271.03,2555.02,1363.91,498.77,494.63,694.96,2544.69,957.44,2567.95,1132.09,1030.9,43.77,2550.44,712.03,2560.95,965.23,2560.39,332.77,1454.82,26.68,940.0,967.97,1406.99,18.21,1131.57,1011.98,2936.55,939.62,2783.43,828.68,2197.94,199.45,333.99,1191.34,2497.15,838.35,240.64,1158.32,592.38,2350.19,1280.95,2569.72,972.82,553.83,529.74,2901.45,1036.37,1174.37,814.99,1334.21,1343.52,1414.23,2564.11,2491.2,2090.57,1003.37,219.96,1495.62,36.66,486.38,973.89,2470.94,935.92,940.21,2919.07,2525.08,1270.15,64.29,2557.98,918.57,866.05,1707.06,2534.39,1385.23,1336.75,2905.52,,1016.14,2559.31,2911.91,2607.01,987.76,2573.79,2176.36,2506.86,942.86,1099.95,2502.81,839.75,331.99,530.4,933.49,799.88,2963.87
829,"Shreveport, LA",1277.78,632.58,2057.44,872.31,1607.48,265.29,2950.1,2160.6,538.18,667.33,351.86,1688.15,1451.48,1711.41,275.55,896.81,859.33,2945.52,434.75,1704.41,1560.59,1703.85,907.83,1075.54,848.03,1493.53,1588.28,550.44,851.34,275.02,1346.89,2080.01,257.96,1926.89,830.19,1341.39,1063.49,888.16,1811.66,1640.61,1173.26,860.27,807.43,399.92,2745.27,911.45,1713.18,1502.12,565.74,570.9,2044.91,1658.92,1794.68,616.25,962.22,337.78,2124.67,1707.57,1634.65,2485.65,1623.68,868.88,1116.34,846.89,727.55,1569.26,1614.39,1528.16,1493.75,2062.52,1668.53,1890.46,948.47,2953.06,1253.48,844.34,850.52,1677.84,528.68,480.2,2048.98,868.77,,1702.77,2055.36,3002.09,1608.07,2968.86,1319.82,2901.94,1468.98,99.45,2897.9,1301.46,1020.85,1218.94,1524.55,1283.75,2107.33
839,"South Gate, CA",2852.14,2362.67,366.89,2446.68,1074.62,1988.38,1287.1,1345.0,1971.4,2241.69,1723.38,18.56,3025.84,13.61,1447.16,2626.9,2433.69,1282.51,2009.12,5.45,3134.95,20.55,2482.19,2805.63,2422.39,3067.89,3162.64,1621.86,2425.7,1427.52,2921.25,389.45,1841.76,236.33,2737.95,362.34,2637.85,2462.52,3386.02,76.39,2747.62,2434.63,2537.52,1826.09,1082.27,2641.53,56.19,3076.48,1924.81,1944.04,354.35,1101.61,3369.04,2346.34,2692.31,2060.87,699.1,54.49,69.37,839.78,3198.04,2443.24,2846.43,2421.25,2062.69,3143.62,282.05,3102.52,3068.11,371.96,39.72,3464.82,2522.83,1290.05,2827.84,2574.43,1181.3,403.02,1358.66,1388.22,358.42,2443.13,1733.49,,485.69,867.99,3182.44,1119.38,387.59,969.58,3043.34,1552.15,985.37,2875.83,2595.21,2173.94,3098.91,2858.11,416.77
849,"Sparks, NV",3216.67,2727.2,192.93,2276.64,1004.42,2352.91,849.93,1037.85,1611.07,2606.22,2087.91,503.27,3390.37,492.5,1811.69,2991.43,2319.76,845.34,2373.65,491.59,3499.48,505.26,2846.72,3170.16,2302.67,3432.42,3527.17,1986.39,2294.21,1792.05,3285.78,141.84,2206.29,301.71,3102.48,725.51,2165.19,2827.05,3750.55,457.48,3112.15,2175.84,2902.05,2190.62,645.1,3006.06,540.9,3441.01,1556.78,1588.36,219.27,1031.41,3733.57,2710.87,3056.84,2425.4,516.74,539.2,542.42,402.62,3562.57,2807.77,3210.96,2312.65,1941.07,3508.15,446.93,3467.05,3432.64,198.01,512.77,3829.35,2301.5,852.89,3192.37,2938.96,1491.41,531.32,1723.19,1752.75,265.57,2282.83,2098.02,485.79,,439.21,3546.97,690.6,752.12,540.81,3407.87,1916.68,556.59,3240.36,2084.97,1866.79,3463.44,3222.64,152.82
859,"Springfield, OR",3301.39,3368.07,512.77,2483.23,1801.48,3688.17,286.1,1244.44,2308.07,3035.16,2442.62,885.49,3440.03,874.72,3146.95,3733.86,2526.35,295.09,3708.9,873.81,3447.81,887.47,2815.36,4505.42,2509.27,3422.58,3450.55,2677.56,2500.8,3127.31,3714.94,482.89,3541.55,642.77,3531.65,1217.6,2371.78,2816.58,3673.92,931.65,3541.31,2382.43,4237.3,2439.87,315.89,4341.32,923.12,3455.41,2285.76,2296.65,535.31,1752.7,3656.95,4046.13,4392.09,3760.66,939.46,921.41,924.63,523.5,3485.95,2702.55,4546.22,2519.25,2147.67,3456.48,886.48,3418.51,3422.8,513.95,894.98,3752.73,2508.1,292.61,3621.53,3569.01,2298.05,1234.4,3058.45,3088.01,568.74,2489.43,3433.28,868.01,439.83,,3470.34,252.16,1242.85,102.36,3425.45,3251.93,118.15,3322.34,2291.57,2073.38,3416.08,3282.47,451.85
869,"Stratford, CT",316.51,1010.48,3523.06,989.85,2011.8,1880.1,3468.28,2277.16,1412.28,1022.48,1653.87,3153.76,170.62,3177.02,1741.16,861.3,953.8,3463.69,1278.05,3170.02,81.19,3169.47,796.42,1308.73,975.88,116.45,19.69,2016.06,979.18,1740.64,622.05,3545.62,1548.69,3392.5,798.95,2807.01,1288.2,835.49,204.07,3106.22,801.91,1153.89,1012.23,1472.4,3263.45,1170.98,3178.79,141.22,1467.34,1443.24,3510.52,1949.63,187.1,1032.23,1188.12,1952.59,2327.48,3173.19,3100.27,3003.82,15.3,892.74,1349.53,947.89,1399.64,98.17,3080.01,86.4,109.35,3528.14,3134.15,282.88,1023.32,3471.24,414.39,787.89,2316.13,3143.46,1994.3,1945.82,3514.59,986.3,1625.21,3168.38,3520.98,3520.26,,3487.04,2785.43,3420.12,151.22,1709.02,3416.07,320.15,1245.24,1443.65,102.31,300.47,3572.95
879,"Tacoma, WA",3268.15,3334.83,764.16,2449.99,1768.23,3654.92,35.93,1211.2,2274.82,3001.91,2409.38,1136.87,3406.79,1126.11,3113.71,3700.61,2493.11,44.92,3675.66,1125.2,3414.57,1138.86,2782.11,4472.17,2476.02,3389.34,3417.31,2644.31,2467.56,3094.07,3681.7,734.27,3508.31,894.15,3498.4,1401.15,2338.54,2783.34,3640.68,1348.11,3508.07,2349.19,4204.06,2406.63,226.48,4308.08,1174.5,3422.17,2252.52,2263.41,786.7,1719.46,3623.71,4012.88,4358.85,3727.41,906.22,1172.8,1362.49,490.25,3452.71,2669.31,4512.98,2486.0,2114.42,3423.23,1126.15,3385.27,3389.56,765.34,1146.37,3719.49,2474.85,42.44,3588.29,3535.76,2264.8,1201.16,3025.21,3054.76,820.13,2456.18,3400.04,1119.4,691.22,252.79,3437.1,,1427.76,152.01,3392.21,3218.69,134.21,3289.09,2258.32,2040.14,3382.83,3249.23,703.23
889,"Tempe Junction, AZ",2468.83,1979.36,741.42,2063.36,887.13,1605.07,1397.59,1440.24,1588.09,1858.38,1340.07,372.12,2642.53,395.38,1063.85,2243.59,2050.37,1393.0,1625.8,388.38,2751.64,387.83,2098.88,2422.32,2039.08,2684.58,2779.33,1238.55,2042.39,1044.21,2537.94,763.98,1458.45,610.86,2354.64,25.76,2254.54,2079.21,3002.7,324.59,2364.31,2051.32,2154.2,1442.78,1192.76,2258.22,397.15,2693.17,1541.5,1560.73,728.88,938.56,2985.73,1963.03,2309.0,1677.56,662.19,391.55,318.63,933.14,2814.73,2059.93,2463.12,2037.94,1679.38,2760.31,298.37,2719.21,2684.8,746.5,352.51,3081.51,2139.52,1400.55,2444.53,2191.11,797.99,414.61,975.35,1004.91,732.95,2059.82,1350.18,386.74,739.34,1242.52,2799.12,1416.35,,1349.43,2660.03,1168.83,1345.38,2492.51,2211.9,2409.99,2715.6,2474.8,791.31
899,"Tigard, OR",3202.3,3268.97,614.37,2384.13,1702.38,3589.07,186.15,1145.34,2208.97,2936.06,2343.53,987.08,3340.94,976.32,3047.85,3634.76,2427.26,195.14,3609.81,975.41,3348.72,989.07,2716.26,4406.32,2410.17,3323.49,3351.46,2578.46,2401.71,3028.22,3615.84,584.48,3442.46,744.36,3432.55,1335.29,2272.69,2717.49,3574.83,1033.25,3442.22,2283.34,4138.21,2340.78,216.79,4242.23,1024.71,3356.31,2186.66,2197.56,636.91,1653.6,3557.86,3947.03,4293.0,3661.56,840.36,1023.01,1026.23,424.4,3386.86,2603.45,4447.12,2420.15,2048.57,3357.38,1060.3,3319.41,3323.71,615.54,996.58,3653.64,2409.0,192.66,3522.44,3469.91,2198.95,1135.31,2959.36,2988.91,670.34,2390.33,3334.19,969.6,541.43,103.0,3371.25,152.21,1361.91,,3326.36,3152.84,18.2,3223.24,2192.47,1974.28,3316.98,3183.37,553.44
909,"Trenton, NJ",186.28,880.25,3359.84,941.65,2909.88,1716.88,3420.08,2228.97,1364.08,859.26,1490.65,2990.55,35.25,3013.8,1577.95,731.06,905.6,3415.5,1114.83,3006.81,98.78,3006.25,606.21,1178.5,927.68,29.8,126.58,1852.84,930.99,1577.42,491.82,3382.41,1385.47,3229.29,668.71,2643.79,1240.01,645.28,349.95,2943.01,671.68,1105.7,882.0,1309.18,3215.25,1040.75,3015.58,32.22,1419.14,1395.05,3347.31,2961.32,332.98,902.0,1057.89,1789.37,3427.07,3009.97,2937.05,2955.63,161.98,844.55,1219.3,899.69,1351.44,107.45,2916.79,85.52,47.42,3364.92,2970.93,428.76,975.13,3423.04,284.16,657.66,2152.92,2980.24,1831.08,1782.6,3351.38,938.11,1462.0,3005.17,3357.76,3472.07,146.37,3438.85,2622.21,3371.92,,1545.81,3367.88,189.92,1197.05,1395.46,74.29,170.24,3409.73
919,"Tyler, TX",1370.74,727.83,1905.55,965.27,1455.59,353.68,2798.21,2008.71,528.19,760.29,288.21,1536.26,1544.44,1559.52,107.22,992.06,952.28,2793.63,527.71,1552.52,1653.55,1551.96,1000.79,1170.79,940.99,1586.49,1681.24,398.55,944.3,123.13,1439.85,1928.12,350.92,1775.0,925.44,1189.5,1156.45,981.12,1904.61,1488.72,1266.22,953.23,902.67,376.45,2593.38,1006.69,1561.29,1595.08,502.08,507.24,1893.02,1507.03,1887.64,711.5,1057.46,426.17,1972.78,1555.68,1482.76,2333.76,1716.64,961.84,1211.59,939.85,663.89,1662.22,1462.5,1621.12,1586.71,1910.63,1516.64,1983.42,1041.43,2801.17,1346.44,939.58,698.63,1525.95,439.67,258.79,1897.09,961.73,98.65,1550.88,1903.47,2850.2,1701.03,2816.97,1167.93,2750.05,1561.94,,2746.0,1394.42,1113.81,1311.9,1617.51,1376.71,1955.44
929,"Vancouver, WA",3198.17,3264.84,630.36,2380.0,1698.25,3584.94,168.01,1141.21,2204.84,2931.93,2339.4,1003.07,3336.81,992.31,3043.72,3630.63,2423.13,177.0,3605.68,991.4,3344.59,1005.06,2712.13,4402.19,2406.04,3319.36,3347.33,2574.33,2397.58,3024.09,3611.71,600.47,3438.32,760.35,3428.42,1331.16,2268.56,2713.36,3570.7,1278.13,3438.09,2279.21,4134.08,2336.65,212.66,4238.1,1040.7,3352.18,2182.53,2193.42,652.9,1649.47,3553.73,3942.9,4288.87,3657.43,836.23,1039.0,1042.22,420.27,3382.73,2599.32,4442.99,2416.02,2044.44,3353.25,1056.17,3315.28,3319.57,631.53,1012.57,3649.51,2404.87,174.52,3518.31,3465.78,2194.82,1131.18,2955.23,2984.78,686.32,2386.2,3330.06,985.59,557.42,118.99,3367.12,134.07,1357.77,18.2,3322.22,3148.71,,3219.11,2188.34,1970.15,3312.85,3179.24,569.43
939,"Waldorf, MD",26.08,689.26,3243.44,826.29,2793.47,1600.47,3304.72,2113.61,1182.77,742.85,1374.24,2874.14,161.56,2897.4,1461.54,540.07,790.24,3300.14,998.42,2890.4,273.57,2889.84,525.75,987.5,812.32,213.56,301.37,1736.44,815.63,1461.01,300.82,3266.0,1269.06,3112.88,477.72,2527.38,1124.65,564.82,524.74,2826.6,480.68,990.34,691.0,1192.77,3099.89,849.76,2899.17,212.67,1237.82,1213.73,3230.9,2844.91,507.76,711.0,866.89,1672.96,3310.66,2893.56,2820.64,2840.27,336.77,662.59,1028.3,784.33,1236.08,282.23,2800.38,260.31,235.91,3248.51,2854.52,603.54,859.77,3307.68,93.16,466.66,2036.51,2863.83,1714.67,1666.19,3234.97,822.75,1345.59,2888.76,3241.35,3356.71,321.16,3323.49,2505.81,3256.56,193.65,1429.4,3252.52,,1081.69,1280.1,249.08,37.54,3293.32
949,"Waterloo, IA",1059.5,1133.78,3083.26,248.96,780.92,1440.3,2253.91,1062.8,319.58,800.87,566.54,2713.96,1198.14,2737.22,1301.36,1499.57,284.46,2249.33,881.3,2730.22,1205.92,2729.67,738.9,1761.06,274.38,1180.69,1208.66,649.47,258.91,1300.84,1480.65,1908.36,1108.89,2952.7,1297.36,2367.21,386.86,703.95,1432.03,2666.43,1307.02,89.44,1464.56,472.17,2049.08,1587.19,2738.99,1213.52,352.48,328.39,3070.72,794.35,1415.06,1121.23,1640.45,1512.79,1204.5,2733.39,2660.47,1789.46,1244.06,460.66,1801.86,277.35,258.24,1214.58,2640.21,1176.62,1180.91,3088.34,2694.35,1510.84,271.84,2256.87,1387.24,1334.72,1876.33,1435.11,1554.5,1506.02,3074.79,242.38,1185.41,2728.58,1766.71,2305.9,1228.45,2272.68,2345.63,2205.75,1183.56,1269.23,2201.71,1080.44,,229.28,1174.18,1040.58,1919.35
959,"West Coon Rapids, MN",1233.76,1300.44,2076.59,415.6,883.58,1606.96,2038.51,847.4,471.41,967.53,718.36,2880.63,1372.4,2903.89,1468.03,1666.23,458.73,2033.93,1047.96,2896.89,1380.19,2896.33,747.73,1927.72,441.64,1354.96,1382.93,802.12,433.18,1467.5,1647.31,2025.49,1275.55,2185.37,1464.02,2533.87,304.16,748.95,1606.3,2833.09,1473.69,321.45,1631.23,623.99,1833.68,1753.85,2905.66,1387.78,504.3,480.21,2102.93,1099.34,1589.32,1287.89,1807.12,1679.45,1494.3,2900.05,2827.13,1574.06,1418.33,634.92,1968.53,451.62,379.71,1388.85,1913.3,1350.88,1355.17,2081.66,2861.01,1685.11,440.47,2041.47,1553.91,1501.38,2043.0,1789.25,1721.16,1672.68,2149.22,421.8,1352.08,2895.25,1883.83,2090.5,1402.72,2057.28,2512.29,1990.35,1357.82,1435.89,1986.31,1254.71,230.59,,1348.45,1214.84,2036.48
969,"West Orange, NJ",239.54,933.52,3434.8,937.13,2984.84,1791.84,3415.56,2224.44,1359.56,934.22,1565.61,3065.5,93.65,3088.76,1652.9,784.33,901.08,3410.97,1189.79,3081.76,49.2,3081.21,743.7,1231.76,923.16,39.49,76.89,1927.8,926.47,1652.38,545.08,3457.36,1460.43,3304.24,721.98,2718.75,1235.49,782.77,300.26,3017.97,724.94,1101.17,935.26,1384.14,3210.73,1094.02,3090.53,64.25,1414.62,1390.52,3422.26,1896.91,283.29,955.26,1111.15,1864.33,3502.02,3084.93,3012.01,2951.11,112.29,840.03,1272.56,895.17,1346.92,57.86,2991.75,13.61,32.38,3439.88,3045.89,379.07,970.61,3418.52,337.42,710.92,2227.87,3055.2,1906.04,1857.56,3426.33,933.58,1536.95,3080.12,3432.72,3467.55,96.68,3434.32,2697.17,3367.4,74.25,1620.76,3363.35,243.19,1192.53,1390.93,,223.51,3484.69
979,"Wheaton, MD",17.7,711.67,3192.47,786.82,2742.51,1549.51,3265.25,2074.13,1143.29,691.89,1323.28,2823.17,137.25,2846.43,1410.58,562.48,750.77,3260.66,947.46,2839.44,249.26,2838.88,486.28,1009.92,772.85,189.25,277.05,1685.47,776.15,1410.05,323.24,3215.04,1218.1,3061.92,500.14,2476.42,1085.17,525.35,500.43,2775.64,503.1,950.86,713.42,1141.81,3060.42,872.17,2848.2,188.35,1198.35,1174.26,3179.93,2793.94,483.45,733.42,889.31,1622.0,3259.7,2842.6,2769.68,2800.79,312.45,623.12,1050.72,744.86,1196.61,257.92,2749.42,236.0,211.6,3197.55,2803.56,579.23,820.29,3268.2,115.58,489.08,1985.54,2812.87,1663.71,1615.23,3184.0,783.27,1294.63,2837.8,3190.39,3317.23,296.85,3284.01,2454.84,3217.09,169.34,1378.44,3213.04,36.47,1042.21,1240.62,224.77,,3242.36
989,"Woodland, CA",3256.5,2767.02,61.59,2851.03,1157.15,2392.73,737.56,1190.57,2375.76,2646.05,2127.73,434.58,3430.19,423.81,1851.52,3031.25,2838.04,746.55,2413.47,422.9,3539.31,436.57,2886.54,3209.98,2826.74,3472.25,3567.0,2026.21,2830.05,1831.88,3325.6,31.98,2246.12,191.86,3142.3,766.69,2317.92,2866.88,3790.37,480.75,3151.97,2328.57,2941.87,2230.44,797.83,3045.89,472.21,3480.83,2329.16,2348.4,87.93,1184.14,3773.4,2750.69,3096.66,2465.22,669.47,470.51,473.73,555.34,3602.4,2847.6,3250.78,2825.6,2093.8,3547.97,603.81,3506.88,3472.46,66.67,444.08,3869.18,2927.18,744.07,3232.19,2978.78,1585.65,684.05,1763.02,1792.57,125.78,2847.48,2137.85,417.1,153.01,452.22,3586.79,703.62,791.94,553.82,3447.69,1956.5,569.61,3280.18,2237.7,2019.51,3503.26,3262.47,
999,"Yuma, AZ",2599.57,2110.1,630.8,2194.11,1179.59,1735.81,1394.07,1353.07,1718.83,1989.12,1470.81,261.5,2773.27,284.76,1194.59,2374.33,2181.12,1389.48,1756.55,277.76,2882.38,277.2,2229.62,2553.06,2169.82,2815.32,2910.07,1369.29,2173.13,1174.95,2668.68,653.36,1589.19,500.24,2485.38,170.01,2385.28,2209.95,3133.45,213.96,2495.05,2182.06,2284.95,1573.52,1189.24,2388.96,237.36,2823.91,1672.24,1691.47,618.26,1231.02,3116.47,2093.77,2439.74,1808.3,707.17,240.77,208.01,929.62,2945.47,2190.67,2593.86,2168.68,1810.12,2891.05,294.85,2849.95,2815.54,635.87,241.89,3212.25,2270.26,1397.03,2575.27,2321.86,928.73,411.09,1106.09,1135.65,622.33,2190.56,1480.92,276.12,749.61,1131.9,2929.87,1412.83,198.12,1345.91,2790.77,1299.58,1341.86,2623.26,2342.64,2540.73,2846.34,2605.54,680.68
